"id","account_id","name","manufacturer_id","status_id","category_id","installation_count","created_at","updated_at"
1008,46,"ReportPanic",NULL,NULL,NULL,2,"2017-12-04 13:20:42","2017-12-04 14:18:34"
1009,46,"Safari",NULL,NULL,NULL,2,"2017-12-04 13:20:42","2017-12-04 14:18:34"
1010,46,"Screen Sharing",NULL,NULL,NULL,2,"2017-12-04 13:20:42","2017-12-04 14:18:34"
1011,46,"Script Editor",NULL,NULL,NULL,2,"2017-12-04 13:20:42","2017-12-04 14:18:34"
1012,46,"ScriptMonitor",NULL,NULL,NULL,2,"2017-12-04 13:20:42","2017-12-04 14:18:34"
1013,46,"Seagate Dashboard",NULL,NULL,NULL,1,"2017-12-04 13:20:42","2017-12-04 14:18:34"
1014,46,"Sequel Pro",NULL,NULL,NULL,1,"2017-12-04 13:20:42","2017-12-04 14:18:34"
1015,46,"ShareBear",NULL,NULL,NULL,1,"2017-12-04 13:20:42","2017-12-04 14:18:34"
1016,46,"Slack",NULL,NULL,NULL,2,"2017-12-04 13:20:42","2017-12-04 14:18:34"
1017,46,"Software Update",NULL,NULL,NULL,2,"2017-12-04 13:20:42","2017-12-04 14:18:34"
1018,46,"SpeechDataInstallerd",NULL,NULL,NULL,1,"2017-12-04 13:20:42","2017-12-04 14:18:34"
1019,46,"SpeechService",NULL,NULL,NULL,1,"2017-12-04 13:20:42","2017-12-04 14:18:34"
1020,46,"Spotlight",NULL,NULL,NULL,2,"2017-12-04 13:20:42","2017-12-04 14:18:34"
1021,46,"SpotlightNetHelper",NULL,NULL,NULL,1,"2017-12-04 13:20:42","2017-12-04 14:18:34"
1022,46,"Stickies",NULL,NULL,NULL,2,"2017-12-04 13:20:42","2017-12-04 14:18:34"
1023,46,"Stocks",NULL,NULL,NULL,2,"2017-12-04 13:20:42","2017-12-04 14:18:34"
1024,46,"Sublime Text",NULL,NULL,NULL,2,"2017-12-04 13:20:42","2017-12-04 14:18:34"
1025,46,"Switch Control",NULL,NULL,NULL,1,"2017-12-04 13:20:42","2017-12-04 14:18:35"
1026,46,"System Preferences",NULL,NULL,NULL,2,"2017-12-04 13:20:42","2017-12-04 14:18:35"
1027,46,"TamilIM",NULL,NULL,NULL,2,"2017-12-04 13:20:42","2017-12-04 14:18:35"
1028,46,"Terminal",NULL,NULL,NULL,2,"2017-12-04 13:20:42","2017-12-04 14:18:35"
1029,46,"TextEdit",NULL,NULL,NULL,2,"2017-12-04 13:20:42","2017-12-04 14:18:35"
1030,46,"ThermalTrap",NULL,NULL,NULL,2,"2017-12-04 13:20:42","2017-12-04 14:18:35"
1031,46,"Ticket Viewer",NULL,NULL,NULL,2,"2017-12-04 13:20:42","2017-12-04 14:18:35"
1032,46,"Time Machine",NULL,NULL,NULL,2,"2017-12-04 13:20:42","2017-12-04 14:18:35"
1033,46,"Torch",NULL,NULL,NULL,1,"2017-12-04 13:20:42","2017-12-04 14:18:35"
1034,46,"TrackpadIM",NULL,NULL,NULL,2,"2017-12-04 13:20:42","2017-12-04 14:18:35"
1035,46,"Type4Camera",NULL,NULL,NULL,2,"2017-12-04 13:20:42","2017-12-04 14:18:35"
1036,46,"VLC",NULL,NULL,NULL,2,"2017-12-04 13:20:42","2017-12-04 14:18:35"
1037,46,"VMware Remote Console",NULL,NULL,NULL,2,"2017-12-04 13:20:42","2017-12-04 14:18:35"
1038,46,"Weather",NULL,NULL,NULL,2,"2017-12-04 13:20:42","2017-12-04 14:18:35"
1039,46,"WiFiAgent",NULL,NULL,NULL,2,"2017-12-04 13:20:42","2017-12-04 14:18:35"
1040,46,"Widget Simulator",NULL,NULL,NULL,2,"2017-12-04 13:20:42","2017-12-04 14:18:35"
1041,46,"X11",NULL,NULL,NULL,1,"2017-12-04 13:20:42","2017-12-04 14:18:35"
1042,46,"autoSetupTool",NULL,NULL,NULL,2,"2017-12-04 13:20:42","2017-12-04 14:18:35"
1043,46,"cloudphotosd",NULL,NULL,NULL,1,"2017-12-04 13:20:42","2017-12-04 14:18:35"
1044,46,"commandFilter",NULL,NULL,NULL,2,"2017-12-04 13:20:42","2017-12-04 14:18:35"
1045,46,"epsonfax",NULL,NULL,NULL,2,"2017-12-04 13:20:42","2017-12-04 14:18:35"
1046,46,"iBooks",NULL,NULL,NULL,2,"2017-12-04 13:20:42","2017-12-04 14:18:35"
1047,46,"iCloud Drive",NULL,NULL,NULL,2,"2017-12-04 13:20:43","2017-12-04 14:18:35"
1048,46,"iCloudUserNotificationsd",NULL,NULL,NULL,2,"2017-12-04 13:20:43","2017-12-04 14:18:35"
1049,46,"iTunes",NULL,NULL,NULL,2,"2017-12-04 13:20:43","2017-12-04 14:18:35"
1050,46,"identityservicesd",NULL,NULL,NULL,2,"2017-12-04 13:20:43","2017-12-04 14:18:35"
1051,46,"imavagent",NULL,NULL,NULL,2,"2017-12-04 13:20:43","2017-12-04 14:18:35"
1052,46,"nbagent",NULL,NULL,NULL,2,"2017-12-04 13:20:43","2017-12-04 14:18:35"
1053,46,"rastertoepfax",NULL,NULL,NULL,2,"2017-12-04 13:20:43","2017-12-04 14:18:35"
1054,46,"soagent",NULL,NULL,NULL,2,"2017-12-04 13:20:43","2017-12-04 14:18:35"
1055,46,"storeuid",NULL,NULL,NULL,2,"2017-12-04 13:20:43","2017-12-04 14:18:35"
1056,46,"universalAccessAuthWarn",NULL,NULL,NULL,2,"2017-12-04 13:20:43","2017-12-04 14:18:35"
1057,46,"192.168.0",NULL,NULL,NULL,1,"2017-12-04 14:10:31","2017-12-04 14:10:31"
1058,46,"About This Mac",NULL,NULL,NULL,1,"2017-12-04 14:10:31","2017-12-04 14:10:31"
1059,46,"AccessibilityVisualsAgent",NULL,NULL,NULL,1,"2017-12-04 14:10:31","2017-12-04 14:10:31"
1060,46,"AirDrop",NULL,NULL,NULL,1,"2017-12-04 14:10:31","2017-12-04 14:10:31"
1061,46,"All My Files",NULL,NULL,NULL,1,"2017-12-04 14:10:31","2017-12-04 14:10:31"
1062,46,"Assistive Control",NULL,NULL,NULL,1,"2017-12-04 14:10:31","2017-12-04 14:10:31"
1063,46,"Atom",NULL,NULL,NULL,1,"2017-12-04 14:10:31","2017-12-04 14:10:31"
1064,46,"CocoaDialog",NULL,NULL,NULL,1,"2017-12-04 14:10:31","2017-12-04 14:10:31"
1065,46,"Computer",NULL,NULL,NULL,1,"2017-12-04 14:10:31","2017-12-04 14:10:31"
1066,46,"ControlStrip",NULL,NULL,NULL,1,"2017-12-04 14:10:31","2017-12-04 14:10:31"
1067,46,"DFRHUD",NULL,NULL,NULL,1,"2017-12-04 14:10:31","2017-12-04 14:10:31"
1068,46,"Docker",NULL,NULL,NULL,1,"2017-12-04 14:10:31","2017-12-04 14:10:31"
1069,46,"Dropbox",NULL,NULL,NULL,1,"2017-12-04 14:10:31","2017-12-04 14:10:32"
1070,46,"DropboxMacUpdate",NULL,NULL,NULL,1,"2017-12-04 14:10:32","2017-12-04 14:10:32"
1071,46,"Dwell Control",NULL,NULL,NULL,1,"2017-12-04 14:10:32","2017-12-04 14:10:32"
1072,46,"EmojiFunctionRowIM",NULL,NULL,NULL,1,"2017-12-04 14:10:32","2017-12-04 14:10:32"
1073,46,"Games",NULL,NULL,NULL,1,"2017-12-04 14:10:32","2017-12-04 14:10:32"
1074,46,"GarageBand",NULL,NULL,NULL,1,"2017-12-04 14:10:32","2017-12-04 14:10:32"
1075,46,"Git Gui",NULL,NULL,NULL,1,"2017-12-04 14:10:32","2017-12-04 14:10:32"
1076,46,"IMAutomaticHistoryDeletionAgent",NULL,NULL,NULL,1,"2017-12-04 14:10:32","2017-12-04 14:10:32"
1077,46,"Java Mission Control",NULL,NULL,NULL,1,"2017-12-04 14:10:32","2017-12-04 14:10:32"
1078,46,"Keynote",NULL,NULL,NULL,1,"2017-12-04 14:10:32","2017-12-04 14:10:32"
1079,46,"LICEcap",NULL,NULL,NULL,1,"2017-12-04 14:10:32","2017-12-04 14:10:32"
1080,46,"Network",NULL,NULL,NULL,1,"2017-12-04 14:10:32","2017-12-04 14:10:32"
1081,46,"Notification Center",NULL,NULL,NULL,1,"2017-12-04 14:10:32","2017-12-04 14:10:32"
1082,46,"NowPlayingTouchUI",NULL,NULL,NULL,1,"2017-12-04 14:10:32","2017-12-04 14:10:32"
1083,46,"NowPlayingWidgetContainer",NULL,NULL,NULL,1,"2017-12-04 14:10:32","2017-12-04 14:10:32"
1084,46,"Numbers",NULL,NULL,NULL,1,"2017-12-04 14:10:32","2017-12-04 14:10:32"
1085,46,"OSDUIHelper",NULL,NULL,NULL,1,"2017-12-04 14:10:32","2017-12-04 14:10:32"
1086,46,"PIPAgent",NULL,NULL,NULL,1,"2017-12-04 14:10:32","2017-12-04 14:10:32"
1087,46,"Pages",NULL,NULL,NULL,1,"2017-12-04 14:10:32","2017-12-04 14:10:32"
1088,46,"Paired Devices",NULL,NULL,NULL,1,"2017-12-04 14:10:32","2017-12-04 14:10:32"
1089,46,"Photos Agent",NULL,NULL,NULL,1,"2017-12-04 14:10:33","2017-12-04 14:10:33"
1090,46,"Quick Look Simulator",NULL,NULL,NULL,1,"2017-12-04 14:10:33","2017-12-04 14:10:33"
1091,46,"RapportUIAgent",NULL,NULL,NULL,1,"2017-12-04 14:10:33","2017-12-04 14:10:33"
1092,46,"Recents",NULL,NULL,NULL,1,"2017-12-04 14:10:33","2017-12-04 14:10:33"
1093,46,"RubyMine",NULL,NULL,NULL,1,"2017-12-04 14:10:33","2017-12-04 14:10:33"
1094,46,"SHAREit",NULL,NULL,NULL,1,"2017-12-04 14:10:33","2017-12-04 14:10:33"
1095,46,"STMUIHelper",NULL,NULL,NULL,1,"2017-12-04 14:10:33","2017-12-04 14:10:33"
1096,46,"Siri",NULL,NULL,NULL,1,"2017-12-04 14:10:33","2017-12-04 14:10:33"
1097,46,"Speech Downloader",NULL,NULL,NULL,1,"2017-12-04 14:10:33","2017-12-04 14:10:33"
1098,46,"SpeechService.service",NULL,NULL,NULL,1,"2017-12-04 14:10:33","2017-12-04 14:10:33"
1099,46,"Spotlight.service",NULL,NULL,NULL,1,"2017-12-04 14:10:33","2017-12-04 14:10:33"
1100,46,"Storage Management",NULL,NULL,NULL,1,"2017-12-04 14:10:33","2017-12-04 14:10:33"
1101,46,"Summary Service",NULL,NULL,NULL,1,"2017-12-04 14:10:33","2017-12-04 14:10:33"
1102,46,"Table Tool",NULL,NULL,NULL,1,"2017-12-04 14:10:33","2017-12-04 14:10:33"
1103,46,"TextMate",NULL,NULL,NULL,1,"2017-12-04 14:10:33","2017-12-04 14:10:33"
1104,46,"Tower",NULL,NULL,NULL,1,"2017-12-04 14:10:33","2017-12-04 14:10:33"
1105,46,"UASharedPasteboardProgressUI",NULL,NULL,NULL,1,"2017-12-04 14:10:33","2017-12-04 14:10:33"
1106,46,"UniversalAccessHUD",NULL,NULL,NULL,1,"2017-12-04 14:10:33","2017-12-04 14:10:33"
1107,46,"cs1",NULL,NULL,NULL,1,"2017-12-04 14:10:33","2017-12-04 14:10:33"
1108,46,"iCloud",NULL,NULL,NULL,1,"2017-12-04 14:10:33","2017-12-04 14:10:33"
1109,46,"iMovie",NULL,NULL,NULL,1,"2017-12-04 14:10:33","2017-12-04 14:10:33"
1110,46,"screencapturetb",NULL,NULL,NULL,1,"2017-12-04 14:10:33","2017-12-04 14:10:33"
1111,46,"GConf2",NULL,NULL,NULL,1,"2017-12-04 15:13:54","2017-12-04 15:13:54"
1112,46,"GeoIP",NULL,NULL,NULL,1,"2017-12-04 15:13:54","2017-12-04 15:13:54"
1113,46,"LibRaw",NULL,NULL,NULL,1,"2017-12-04 15:13:54","2017-12-04 15:13:54"
1114,46,"ModemManager",NULL,NULL,NULL,1,"2017-12-04 15:13:54","2017-12-04 15:13:54"
1115,46,"ModemManager-glib",NULL,NULL,NULL,1,"2017-12-04 15:13:54","2017-12-04 15:13:54"
1116,46,"NetworkManager",NULL,NULL,NULL,1,"2017-12-04 15:13:54","2017-12-04 15:13:54"
1117,46,"NetworkManager-adsl",NULL,NULL,NULL,1,"2017-12-04 15:13:54","2017-12-04 15:13:54"
1118,46,"NetworkManager-glib",NULL,NULL,NULL,1,"2017-12-04 15:13:54","2017-12-04 15:13:54"
1119,46,"NetworkManager-libnm",NULL,NULL,NULL,1,"2017-12-04 15:13:54","2017-12-04 15:13:54"
1120,46,"NetworkManager-libreswan",NULL,NULL,NULL,1,"2017-12-04 15:13:54","2017-12-04 15:13:54"
1121,46,"NetworkManager-libreswan-gnome",NULL,NULL,NULL,1,"2017-12-04 15:13:54","2017-12-04 15:13:54"
1122,46,"NetworkManager-team",NULL,NULL,NULL,1,"2017-12-04 15:13:54","2017-12-04 15:13:54"
1123,46,"NetworkManager-tui",NULL,NULL,NULL,1,"2017-12-04 15:13:54","2017-12-04 15:13:54"
1124,46,"NetworkManager-wifi",NULL,NULL,NULL,1,"2017-12-04 15:13:54","2017-12-04 15:13:54"
1125,46,"PackageKit",NULL,NULL,NULL,1,"2017-12-04 15:13:54","2017-12-04 15:13:54"
1126,46,"PackageKit-command-not-found",NULL,NULL,NULL,1,"2017-12-04 15:13:54","2017-12-04 15:13:54"
1127,46,"PackageKit-glib",NULL,NULL,NULL,1,"2017-12-04 15:13:54","2017-12-04 15:13:54"
1128,46,"PackageKit-gstreamer-plugin",NULL,NULL,NULL,1,"2017-12-04 15:13:54","2017-12-04 15:13:54"
1129,46,"PackageKit-gtk3-module",NULL,NULL,NULL,1,"2017-12-04 15:13:54","2017-12-04 15:13:54"
1130,46,"PackageKit-yum",NULL,NULL,NULL,1,"2017-12-04 15:13:54","2017-12-04 15:13:54"
1131,46,"SDL",NULL,NULL,NULL,1,"2017-12-04 15:13:54","2017-12-04 15:13:54"
1132,46,"abattis-cantarell-fonts",NULL,NULL,NULL,1,"2017-12-04 15:13:54","2017-12-04 15:13:54"
1133,46,"abrt",NULL,NULL,NULL,1,"2017-12-04 15:13:54","2017-12-04 15:13:54"
1134,46,"abrt-addon-ccpp",NULL,NULL,NULL,1,"2017-12-04 15:13:54","2017-12-04 15:13:54"
1135,46,"abrt-addon-kerneloops",NULL,NULL,NULL,1,"2017-12-04 15:13:54","2017-12-04 15:13:54"
1136,46,"abrt-addon-pstoreoops",NULL,NULL,NULL,1,"2017-12-04 15:13:54","2017-12-04 15:13:54"
1137,46,"abrt-addon-python",NULL,NULL,NULL,1,"2017-12-04 15:13:54","2017-12-04 15:13:54"
1138,46,"abrt-addon-vmcore",NULL,NULL,NULL,1,"2017-12-04 15:13:54","2017-12-04 15:13:54"
1139,46,"abrt-addon-xorg",NULL,NULL,NULL,1,"2017-12-04 15:13:54","2017-12-04 15:13:54"
1140,46,"abrt-cli",NULL,NULL,NULL,1,"2017-12-04 15:13:54","2017-12-04 15:13:54"
1141,46,"abrt-console-notification",NULL,NULL,NULL,1,"2017-12-04 15:13:54","2017-12-04 15:13:54"
1142,46,"abrt-dbus",NULL,NULL,NULL,1,"2017-12-04 15:13:54","2017-12-04 15:13:54"
1143,46,"abrt-desktop",NULL,NULL,NULL,1,"2017-12-04 15:13:54","2017-12-04 15:13:54"
1144,46,"abrt-gui",NULL,NULL,NULL,1,"2017-12-04 15:13:54","2017-12-04 15:13:54"
1145,46,"abrt-gui-libs",NULL,NULL,NULL,1,"2017-12-04 15:13:54","2017-12-04 15:13:54"
1146,46,"abrt-libs",NULL,NULL,NULL,1,"2017-12-04 15:13:54","2017-12-04 15:13:54"
1147,46,"abrt-python",NULL,NULL,NULL,1,"2017-12-04 15:13:54","2017-12-04 15:13:54"
1148,46,"abrt-retrace-client",NULL,NULL,NULL,1,"2017-12-04 15:13:54","2017-12-04 15:13:54"
1149,46,"abrt-tui",NULL,NULL,NULL,1,"2017-12-04 15:13:54","2017-12-04 15:13:54"
1150,46,"accountsservice-libs",NULL,NULL,NULL,1,"2017-12-04 15:13:54","2017-12-04 15:13:54"
1151,46,"adcli",NULL,NULL,NULL,1,"2017-12-04 15:13:54","2017-12-04 15:13:54"
1152,46,"adwaita-cursor-theme",NULL,NULL,NULL,1,"2017-12-04 15:13:54","2017-12-04 15:13:54"
1153,46,"adwaita-gtk2-theme",NULL,NULL,NULL,1,"2017-12-04 15:13:54","2017-12-04 15:13:54"
1154,46,"adwaita-icon-theme",NULL,NULL,NULL,1,"2017-12-04 15:13:54","2017-12-04 15:13:54"
1155,46,"aic94xx-firmware",NULL,NULL,NULL,1,"2017-12-04 15:13:54","2017-12-04 15:13:54"
1156,46,"alsa-firmware",NULL,NULL,NULL,1,"2017-12-04 15:13:54","2017-12-04 15:13:54"
1157,46,"alsa-lib",NULL,NULL,NULL,1,"2017-12-04 15:13:55","2017-12-04 15:13:55"
1158,46,"alsa-plugins-pulseaudio",NULL,NULL,NULL,1,"2017-12-04 15:13:55","2017-12-04 15:13:55"
1159,46,"alsa-tools-firmware",NULL,NULL,NULL,1,"2017-12-04 15:13:55","2017-12-04 15:13:55"
1160,46,"anaconda",NULL,NULL,NULL,1,"2017-12-04 15:13:55","2017-12-04 15:13:55"
1161,46,"anaconda-core",NULL,NULL,NULL,1,"2017-12-04 15:13:55","2017-12-04 15:13:55"
1162,46,"anaconda-gui",NULL,NULL,NULL,1,"2017-12-04 15:13:55","2017-12-04 15:13:55"
1163,46,"anaconda-tui",NULL,NULL,NULL,1,"2017-12-04 15:13:55","2017-12-04 15:13:55"
1164,46,"anaconda-widgets",NULL,NULL,NULL,1,"2017-12-04 15:13:55","2017-12-04 15:13:55"
1165,46,"appstream-data",NULL,NULL,NULL,1,"2017-12-04 15:13:55","2017-12-04 15:13:55"
1166,46,"at-spi2-atk",NULL,NULL,NULL,1,"2017-12-04 15:13:55","2017-12-04 15:13:55"
1167,46,"atk",NULL,NULL,NULL,1,"2017-12-04 15:13:55","2017-12-04 15:13:55"
1168,46,"atkmm",NULL,NULL,NULL,1,"2017-12-04 15:13:55","2017-12-04 15:13:55"
1169,46,"attr",NULL,NULL,NULL,1,"2017-12-04 15:13:55","2017-12-04 15:13:55"
1170,46,"audit",NULL,NULL,NULL,1,"2017-12-04 15:13:55","2017-12-04 15:13:55"
1171,46,"audit-libs",NULL,NULL,NULL,1,"2017-12-04 15:13:55","2017-12-04 15:13:55"
1172,46,"audit-libs-python",NULL,NULL,NULL,1,"2017-12-04 15:13:55","2017-12-04 15:13:55"
1173,46,"augeas-libs",NULL,NULL,NULL,1,"2017-12-04 15:13:55","2017-12-04 15:13:55"
1174,46,"authconfig",NULL,NULL,NULL,1,"2017-12-04 15:13:55","2017-12-04 15:13:55"
1175,46,"autocorr-en",NULL,NULL,NULL,1,"2017-12-04 15:13:55","2017-12-04 15:13:55"
1176,46,"autofs",NULL,NULL,NULL,1,"2017-12-04 15:13:55","2017-12-04 15:13:55"
1177,46,"autogen-libopts",NULL,NULL,NULL,1,"2017-12-04 15:13:55","2017-12-04 15:13:55"
1178,46,"avahi",NULL,NULL,NULL,1,"2017-12-04 15:13:55","2017-12-04 15:13:55"
1179,46,"avahi-glib",NULL,NULL,NULL,1,"2017-12-04 15:13:55","2017-12-04 15:13:55"
1180,46,"avahi-gobject",NULL,NULL,NULL,1,"2017-12-04 15:13:55","2017-12-04 15:13:55"
1181,46,"avahi-libs",NULL,NULL,NULL,1,"2017-12-04 15:13:55","2017-12-04 15:13:55"
1182,46,"avahi-ui-gtk3",NULL,NULL,NULL,1,"2017-12-04 15:13:55","2017-12-04 15:13:55"
1183,46,"basesystem",NULL,NULL,NULL,1,"2017-12-04 15:13:55","2017-12-04 15:13:55"
1184,46,"bind-libs",NULL,NULL,NULL,1,"2017-12-04 15:13:55","2017-12-04 15:13:55"
1185,46,"bind-libs-lite",NULL,NULL,NULL,1,"2017-12-04 15:13:55","2017-12-04 15:13:55"
1186,46,"bind-license",NULL,NULL,NULL,1,"2017-12-04 15:13:55","2017-12-04 15:13:55"
1187,46,"bind-utils",NULL,NULL,NULL,1,"2017-12-04 15:13:55","2017-12-04 15:13:55"
1188,46,"biosdevname",NULL,NULL,NULL,1,"2017-12-04 15:13:55","2017-12-04 15:13:55"
1189,46,"blktrace",NULL,NULL,NULL,1,"2017-12-04 15:13:55","2017-12-04 15:13:55"
1190,46,"boost-date-time",NULL,NULL,NULL,1,"2017-12-04 15:13:55","2017-12-04 15:13:55"
1191,46,"boost-iostreams",NULL,NULL,NULL,1,"2017-12-04 15:13:55","2017-12-04 15:13:55"
1192,46,"boost-signals",NULL,NULL,NULL,1,"2017-12-04 15:13:55","2017-12-04 15:13:55"
1193,46,"boost-system",NULL,NULL,NULL,1,"2017-12-04 15:13:55","2017-12-04 15:13:55"
1194,46,"boost-thread",NULL,NULL,NULL,1,"2017-12-04 15:13:55","2017-12-04 15:13:55"
1195,46,"brasero-libs",NULL,NULL,NULL,1,"2017-12-04 15:13:55","2017-12-04 15:13:55"
1196,46,"brasero-nautilus",NULL,NULL,NULL,1,"2017-12-04 15:13:55","2017-12-04 15:13:55"
1197,46,"bridge-utils",NULL,NULL,NULL,1,"2017-12-04 15:13:55","2017-12-04 15:13:55"
1198,46,"brlapi",NULL,NULL,NULL,1,"2017-12-04 15:13:55","2017-12-04 15:13:55"
1199,46,"btrfs-progs",NULL,NULL,NULL,1,"2017-12-04 15:13:55","2017-12-04 15:13:55"
1200,46,"bzip2-libs",NULL,NULL,NULL,1,"2017-12-04 15:13:55","2017-12-04 15:13:55"
1201,46,"c-ares",NULL,NULL,NULL,1,"2017-12-04 15:13:55","2017-12-04 15:13:55"
1202,46,"cairo",NULL,NULL,NULL,1,"2017-12-04 15:13:55","2017-12-04 15:13:55"
1203,46,"cairo-gobject",NULL,NULL,NULL,1,"2017-12-04 15:13:55","2017-12-04 15:13:55"
1204,46,"cairomm",NULL,NULL,NULL,1,"2017-12-04 15:13:55","2017-12-04 15:13:55"
1205,46,"caribou",NULL,NULL,NULL,1,"2017-12-04 15:13:55","2017-12-04 15:13:56"
1206,46,"caribou-gtk2-module",NULL,NULL,NULL,1,"2017-12-04 15:13:56","2017-12-04 15:13:56"
1207,46,"caribou-gtk3-module",NULL,NULL,NULL,1,"2017-12-04 15:13:56","2017-12-04 15:13:56"
1208,46,"cdparanoia",NULL,NULL,NULL,1,"2017-12-04 15:13:56","2017-12-04 15:13:56"
1209,46,"cdparanoia-libs",NULL,NULL,NULL,1,"2017-12-04 15:13:56","2017-12-04 15:13:56"
1210,46,"cdrdao",NULL,NULL,NULL,1,"2017-12-04 15:13:56","2017-12-04 15:13:56"
1211,46,"celt051",NULL,NULL,NULL,1,"2017-12-04 15:13:56","2017-12-04 15:13:56"
1212,46,"centos-indexhtml",NULL,NULL,NULL,1,"2017-12-04 15:13:56","2017-12-04 15:13:56"
1213,46,"centos-logos",NULL,NULL,NULL,1,"2017-12-04 15:13:56","2017-12-04 15:13:56"
1214,46,"centos-release",NULL,NULL,NULL,1,"2017-12-04 15:13:56","2017-12-04 15:13:56"
1215,46,"certmonger",NULL,NULL,NULL,1,"2017-12-04 15:13:56","2017-12-04 15:13:56"
1216,46,"cgdcbxd",NULL,NULL,NULL,1,"2017-12-04 15:13:56","2017-12-04 15:13:56"
1217,46,"check",NULL,NULL,NULL,1,"2017-12-04 15:13:56","2017-12-04 15:13:56"
1218,46,"checkpolicy",NULL,NULL,NULL,1,"2017-12-04 15:13:56","2017-12-04 15:13:56"
1219,46,"cheese",NULL,NULL,NULL,1,"2017-12-04 15:13:56","2017-12-04 15:13:56"
1220,46,"cheese-libs",NULL,NULL,NULL,1,"2017-12-04 15:13:56","2017-12-04 15:13:56"
1221,46,"chkconfig",NULL,NULL,NULL,1,"2017-12-04 15:13:56","2017-12-04 15:13:56"
1222,46,"chrony",NULL,NULL,NULL,1,"2017-12-04 15:13:56","2017-12-04 15:13:56"
1223,46,"cifs-utils",NULL,NULL,NULL,1,"2017-12-04 15:13:56","2017-12-04 15:13:56"
1224,46,"cjkuni-uming-fonts",NULL,NULL,NULL,1,"2017-12-04 15:13:56","2017-12-04 15:13:56"
1225,46,"clucene-contribs-lib",NULL,NULL,NULL,1,"2017-12-04 15:13:56","2017-12-04 15:13:56"
1226,46,"clucene-core",NULL,NULL,NULL,1,"2017-12-04 15:13:56","2017-12-04 15:13:56"
1227,46,"clutter",NULL,NULL,NULL,1,"2017-12-04 15:13:56","2017-12-04 15:13:56"
1228,46,"clutter-gst2",NULL,NULL,NULL,1,"2017-12-04 15:13:56","2017-12-04 15:13:56"
1229,46,"clutter-gtk",NULL,NULL,NULL,1,"2017-12-04 15:13:56","2017-12-04 15:13:56"
1230,46,"cogl",NULL,NULL,NULL,1,"2017-12-04 15:13:56","2017-12-04 15:13:56"
1231,46,"color-filesystem",NULL,NULL,NULL,1,"2017-12-04 15:13:56","2017-12-04 15:13:56"
1232,46,"colord-gtk",NULL,NULL,NULL,1,"2017-12-04 15:13:56","2017-12-04 15:13:56"
1233,46,"colord-libs",NULL,NULL,NULL,1,"2017-12-04 15:13:56","2017-12-04 15:13:56"
1234,46,"compat-libcogl-pango12",NULL,NULL,NULL,1,"2017-12-04 15:13:56","2017-12-04 15:13:56"
1235,46,"compat-libcogl12",NULL,NULL,NULL,1,"2017-12-04 15:13:56","2017-12-04 15:13:56"
1236,46,"compat-libcolord1",NULL,NULL,NULL,1,"2017-12-04 15:13:56","2017-12-04 15:13:56"
1237,46,"control-center",NULL,NULL,NULL,1,"2017-12-04 15:13:56","2017-12-04 15:13:56"
1238,46,"control-center-filesystem",NULL,NULL,NULL,1,"2017-12-04 15:13:56","2017-12-04 15:13:56"
1239,46,"copy-jdk-configs",NULL,NULL,NULL,1,"2017-12-04 15:13:56","2017-12-04 15:13:56"
1240,46,"cracklib",NULL,NULL,NULL,1,"2017-12-04 15:13:56","2017-12-04 15:13:56"
1241,46,"cracklib-dicts",NULL,NULL,NULL,1,"2017-12-04 15:13:56","2017-12-04 15:13:56"
1242,46,"crda",NULL,NULL,NULL,1,"2017-12-04 15:13:56","2017-12-04 15:13:56"
1243,46,"createrepo",NULL,NULL,NULL,1,"2017-12-04 15:13:56","2017-12-04 15:13:56"
1244,46,"cronie",NULL,NULL,NULL,1,"2017-12-04 15:13:56","2017-12-04 15:13:56"
1245,46,"cronie-anacron",NULL,NULL,NULL,1,"2017-12-04 15:13:56","2017-12-04 15:13:56"
1246,46,"crontabs",NULL,NULL,NULL,1,"2017-12-04 15:13:56","2017-12-04 15:13:56"
1247,46,"cryptsetup",NULL,NULL,NULL,1,"2017-12-04 15:13:56","2017-12-04 15:13:56"
1248,46,"cryptsetup-libs",NULL,NULL,NULL,1,"2017-12-04 15:13:56","2017-12-04 15:13:56"
1249,46,"cryptsetup-python",NULL,NULL,NULL,1,"2017-12-04 15:13:56","2017-12-04 15:13:56"
1250,46,"cups-filesystem",NULL,NULL,NULL,1,"2017-12-04 15:13:56","2017-12-04 15:13:56"
1251,46,"cups-filters-libs",NULL,NULL,NULL,1,"2017-12-04 15:13:56","2017-12-04 15:13:56"
1252,46,"cups-libs",NULL,NULL,NULL,1,"2017-12-04 15:13:56","2017-12-04 15:13:56"
1253,46,"cups-pk-helper",NULL,NULL,NULL,1,"2017-12-04 15:13:56","2017-12-04 15:13:56"
1254,46,"curl",NULL,NULL,NULL,1,"2017-12-04 15:13:57","2017-12-04 15:13:57"
1255,46,"cyrus-sasl-gssapi",NULL,NULL,NULL,1,"2017-12-04 15:13:57","2017-12-04 15:13:57"
1256,46,"cyrus-sasl-lib",NULL,NULL,NULL,1,"2017-12-04 15:13:57","2017-12-04 15:13:57"
1257,46,"cyrus-sasl-md5",NULL,NULL,NULL,1,"2017-12-04 15:13:57","2017-12-04 15:13:57"
1258,46,"cyrus-sasl-plain",NULL,NULL,NULL,1,"2017-12-04 15:13:57","2017-12-04 15:13:57"
1259,46,"cyrus-sasl-scram",NULL,NULL,NULL,1,"2017-12-04 15:13:57","2017-12-04 15:13:57"
1260,46,"dbus-glib",NULL,NULL,NULL,1,"2017-12-04 15:13:57","2017-12-04 15:13:57"
1261,46,"dbus-libs",NULL,NULL,NULL,1,"2017-12-04 15:13:57","2017-12-04 15:13:57"
1262,46,"dbus-python",NULL,NULL,NULL,1,"2017-12-04 15:13:57","2017-12-04 15:13:57"
1263,46,"dconf",NULL,NULL,NULL,1,"2017-12-04 15:13:57","2017-12-04 15:13:57"
1264,46,"dejavu-fonts-common",NULL,NULL,NULL,1,"2017-12-04 15:13:57","2017-12-04 15:13:57"
1265,46,"dejavu-sans-fonts",NULL,NULL,NULL,1,"2017-12-04 15:13:57","2017-12-04 15:13:57"
1266,46,"dejavu-sans-mono-fonts",NULL,NULL,NULL,1,"2017-12-04 15:13:57","2017-12-04 15:13:57"
1267,46,"dejavu-serif-fonts",NULL,NULL,NULL,1,"2017-12-04 15:13:57","2017-12-04 15:13:57"
1268,46,"deltarpm",NULL,NULL,NULL,1,"2017-12-04 15:13:57","2017-12-04 15:13:57"
1269,46,"device-mapper",NULL,NULL,NULL,1,"2017-12-04 15:13:57","2017-12-04 15:13:57"
1270,46,"device-mapper-event",NULL,NULL,NULL,1,"2017-12-04 15:13:57","2017-12-04 15:13:57"
1271,46,"device-mapper-event-libs",NULL,NULL,NULL,1,"2017-12-04 15:13:57","2017-12-04 15:13:57"
1272,46,"device-mapper-libs",NULL,NULL,NULL,1,"2017-12-04 15:13:57","2017-12-04 15:13:57"
1273,46,"device-mapper-multipath",NULL,NULL,NULL,1,"2017-12-04 15:13:57","2017-12-04 15:13:57"
1274,46,"device-mapper-multipath-libs",NULL,NULL,NULL,1,"2017-12-04 15:13:57","2017-12-04 15:13:57"
1275,46,"device-mapper-persistent-data",NULL,NULL,NULL,1,"2017-12-04 15:13:57","2017-12-04 15:13:57"
1276,46,"dhclient",NULL,NULL,NULL,1,"2017-12-04 15:13:57","2017-12-04 15:13:57"
1277,46,"dhcp-common",NULL,NULL,NULL,1,"2017-12-04 15:13:57","2017-12-04 15:13:57"
1278,46,"dhcp-libs",NULL,NULL,NULL,1,"2017-12-04 15:13:57","2017-12-04 15:13:57"
1279,46,"dleyna-connector-dbus",NULL,NULL,NULL,1,"2017-12-04 15:13:57","2017-12-04 15:13:57"
1280,46,"dleyna-core",NULL,NULL,NULL,1,"2017-12-04 15:13:57","2017-12-04 15:13:57"
1281,46,"dleyna-server",NULL,NULL,NULL,1,"2017-12-04 15:13:57","2017-12-04 15:13:57"
1282,46,"dmraid",NULL,NULL,NULL,1,"2017-12-04 15:13:57","2017-12-04 15:13:57"
1283,46,"dmraid-events",NULL,NULL,NULL,1,"2017-12-04 15:13:57","2017-12-04 15:13:57"
1284,46,"dnsmasq",NULL,NULL,NULL,1,"2017-12-04 15:13:57","2017-12-04 15:13:57"
1285,46,"dotconf",NULL,NULL,NULL,1,"2017-12-04 15:13:57","2017-12-04 15:13:57"
1286,46,"dracut",NULL,NULL,NULL,1,"2017-12-04 15:13:57","2017-12-04 15:13:57"
1287,46,"dracut-config-rescue",NULL,NULL,NULL,1,"2017-12-04 15:13:57","2017-12-04 15:13:57"
1288,46,"dracut-network",NULL,NULL,NULL,1,"2017-12-04 15:13:57","2017-12-04 15:13:57"
1289,46,"dyninst",NULL,NULL,NULL,1,"2017-12-04 15:13:57","2017-12-04 15:13:57"
1290,46,"e2fsprogs-libs",NULL,NULL,NULL,1,"2017-12-04 15:13:57","2017-12-04 15:13:57"
1291,46,"ebtables",NULL,NULL,NULL,1,"2017-12-04 15:13:57","2017-12-04 15:13:57"
1292,46,"efibootmgr",NULL,NULL,NULL,1,"2017-12-04 15:13:57","2017-12-04 15:13:57"
1293,46,"efivar-libs",NULL,NULL,NULL,1,"2017-12-04 15:13:57","2017-12-04 15:13:57"
1294,46,"ekiga",NULL,NULL,NULL,1,"2017-12-04 15:13:57","2017-12-04 15:13:57"
1295,46,"elfutils",NULL,NULL,NULL,1,"2017-12-04 15:13:57","2017-12-04 15:13:57"
1296,46,"elfutils-libelf",NULL,NULL,NULL,1,"2017-12-04 15:13:57","2017-12-04 15:13:57"
1297,46,"elfutils-libs",NULL,NULL,NULL,1,"2017-12-04 15:13:57","2017-12-04 15:13:57"
1298,46,"emacs-filesystem",NULL,NULL,NULL,1,"2017-12-04 15:13:57","2017-12-04 15:13:57"
1299,46,"enchant",NULL,NULL,NULL,1,"2017-12-04 15:13:57","2017-12-04 15:13:57"
1300,46,"enscript",NULL,NULL,NULL,1,"2017-12-04 15:13:57","2017-12-04 15:13:57"
1301,46,"espeak",NULL,NULL,NULL,1,"2017-12-04 15:13:57","2017-12-04 15:13:58"
1302,46,"ethtool",NULL,NULL,NULL,1,"2017-12-04 15:13:58","2017-12-04 15:13:58"
1303,46,"evince-libs",NULL,NULL,NULL,1,"2017-12-04 15:13:58","2017-12-04 15:13:58"
1304,46,"evince-nautilus",NULL,NULL,NULL,1,"2017-12-04 15:13:58","2017-12-04 15:13:58"
1305,46,"evolution",NULL,NULL,NULL,1,"2017-12-04 15:13:58","2017-12-04 15:13:58"
1306,46,"evolution-ews",NULL,NULL,NULL,1,"2017-12-04 15:13:58","2017-12-04 15:13:58"
1307,46,"evolution-help",NULL,NULL,NULL,1,"2017-12-04 15:13:58","2017-12-04 15:13:58"
1308,46,"evolution-mapi",NULL,NULL,NULL,1,"2017-12-04 15:13:58","2017-12-04 15:13:58"
1309,46,"exempi",NULL,NULL,NULL,1,"2017-12-04 15:13:58","2017-12-04 15:13:58"
1310,46,"exiv2-libs",NULL,NULL,NULL,1,"2017-12-04 15:13:58","2017-12-04 15:13:58"
1311,46,"expat",NULL,NULL,NULL,1,"2017-12-04 15:13:58","2017-12-04 15:13:58"
1312,46,"farstream",NULL,NULL,NULL,1,"2017-12-04 15:13:58","2017-12-04 15:13:58"
1313,46,"farstream02",NULL,NULL,NULL,1,"2017-12-04 15:13:58","2017-12-04 15:13:58"
1314,46,"fcoe-utils",NULL,NULL,NULL,1,"2017-12-04 15:13:58","2017-12-04 15:13:58"
1315,46,"festival",NULL,NULL,NULL,1,"2017-12-04 15:13:58","2017-12-04 15:13:58"
1316,46,"festival-freebsoft-utils",NULL,NULL,NULL,1,"2017-12-04 15:13:58","2017-12-04 15:13:58"
1317,46,"festival-lib",NULL,NULL,NULL,1,"2017-12-04 15:13:58","2017-12-04 15:13:58"
1318,46,"festival-speechtools-libs",NULL,NULL,NULL,1,"2017-12-04 15:13:58","2017-12-04 15:13:58"
1319,46,"festvox-slt-arctic-hts",NULL,NULL,NULL,1,"2017-12-04 15:13:58","2017-12-04 15:13:58"
1320,46,"fftw-libs-double",NULL,NULL,NULL,1,"2017-12-04 15:13:58","2017-12-04 15:13:58"
1321,46,"file-libs",NULL,NULL,NULL,1,"2017-12-04 15:13:58","2017-12-04 15:13:58"
1322,46,"file-roller-nautilus",NULL,NULL,NULL,1,"2017-12-04 15:13:58","2017-12-04 15:13:58"
1323,46,"filesystem",NULL,NULL,NULL,1,"2017-12-04 15:13:58","2017-12-04 15:13:58"
1324,46,"fipscheck",NULL,NULL,NULL,1,"2017-12-04 15:13:58","2017-12-04 15:13:58"
1325,46,"fipscheck-lib",NULL,NULL,NULL,1,"2017-12-04 15:13:58","2017-12-04 15:13:58"
1326,46,"firewall-config",NULL,NULL,NULL,1,"2017-12-04 15:13:58","2017-12-04 15:13:58"
1327,46,"firewalld",NULL,NULL,NULL,1,"2017-12-04 15:13:58","2017-12-04 15:13:58"
1328,46,"firewalld-filesystem",NULL,NULL,NULL,1,"2017-12-04 15:13:58","2017-12-04 15:13:58"
1329,46,"firstboot",NULL,NULL,NULL,1,"2017-12-04 15:13:58","2017-12-04 15:13:58"
1330,46,"flac-libs",NULL,NULL,NULL,1,"2017-12-04 15:13:58","2017-12-04 15:13:58"
1331,46,"flite",NULL,NULL,NULL,1,"2017-12-04 15:13:58","2017-12-04 15:13:58"
1332,46,"folks",NULL,NULL,NULL,1,"2017-12-04 15:13:58","2017-12-04 15:13:58"
1333,46,"fontpackages-filesystem",NULL,NULL,NULL,1,"2017-12-04 15:13:58","2017-12-04 15:13:58"
1334,46,"fprintd",NULL,NULL,NULL,1,"2017-12-04 15:13:58","2017-12-04 15:13:58"
1335,46,"fprintd-pam",NULL,NULL,NULL,1,"2017-12-04 15:13:58","2017-12-04 15:13:58"
1336,46,"freerdp-libs",NULL,NULL,NULL,1,"2017-12-04 15:13:58","2017-12-04 15:13:58"
1337,46,"freetype",NULL,NULL,NULL,1,"2017-12-04 15:13:58","2017-12-04 15:13:58"
1338,46,"frei0r-plugins",NULL,NULL,NULL,1,"2017-12-04 15:13:58","2017-12-04 15:13:58"
1339,46,"fros",NULL,NULL,NULL,1,"2017-12-04 15:13:58","2017-12-04 15:13:58"
1340,46,"fuse",NULL,NULL,NULL,1,"2017-12-04 15:13:58","2017-12-04 15:13:58"
1341,46,"fuse-libs",NULL,NULL,NULL,1,"2017-12-04 15:13:58","2017-12-04 15:13:58"
1342,46,"fxload",NULL,NULL,NULL,1,"2017-12-04 15:13:58","2017-12-04 15:13:58"
1343,46,"gavl",NULL,NULL,NULL,1,"2017-12-04 15:13:58","2017-12-04 15:13:58"
1344,46,"gawk",NULL,NULL,NULL,1,"2017-12-04 15:13:58","2017-12-04 15:13:58"
1345,46,"gcr",NULL,NULL,NULL,1,"2017-12-04 15:13:59","2017-12-04 15:13:59"
1346,46,"gd",NULL,NULL,NULL,1,"2017-12-04 15:13:59","2017-12-04 15:13:59"
1347,46,"gdbm",NULL,NULL,NULL,1,"2017-12-04 15:13:59","2017-12-04 15:13:59"
1348,46,"gdisk",NULL,NULL,NULL,1,"2017-12-04 15:13:59","2017-12-04 15:13:59"
1349,46,"gdk-pixbuf2",NULL,NULL,NULL,1,"2017-12-04 15:13:59","2017-12-04 15:13:59"
1350,46,"gdm",NULL,NULL,NULL,1,"2017-12-04 15:13:59","2017-12-04 15:13:59"
1351,46,"gedit",NULL,NULL,NULL,1,"2017-12-04 15:13:59","2017-12-04 15:13:59"
1352,46,"geoclue2",NULL,NULL,NULL,1,"2017-12-04 15:13:59","2017-12-04 15:13:59"
1353,46,"geocode-glib",NULL,NULL,NULL,1,"2017-12-04 15:13:59","2017-12-04 15:13:59"
1354,46,"gettext",NULL,NULL,NULL,1,"2017-12-04 15:13:59","2017-12-04 15:13:59"
1355,46,"gettext-libs",NULL,NULL,NULL,1,"2017-12-04 15:13:59","2017-12-04 15:13:59"
1356,46,"ghostscript-fonts",NULL,NULL,NULL,1,"2017-12-04 15:13:59","2017-12-04 15:13:59"
1357,46,"giflib",NULL,NULL,NULL,1,"2017-12-04 15:13:59","2017-12-04 15:13:59"
1358,46,"gjs",NULL,NULL,NULL,1,"2017-12-04 15:13:59","2017-12-04 15:13:59"
1359,46,"glade-libs",NULL,NULL,NULL,1,"2017-12-04 15:13:59","2017-12-04 15:13:59"
1360,46,"glib2",NULL,NULL,NULL,1,"2017-12-04 15:13:59","2017-12-04 15:13:59"
1361,46,"glibc",NULL,NULL,NULL,1,"2017-12-04 15:13:59","2017-12-04 15:13:59"
1362,46,"glibc-common",NULL,NULL,NULL,1,"2017-12-04 15:13:59","2017-12-04 15:13:59"
1363,46,"glibmm24",NULL,NULL,NULL,1,"2017-12-04 15:13:59","2017-12-04 15:13:59"
1364,46,"glusterfs",NULL,NULL,NULL,1,"2017-12-04 15:13:59","2017-12-04 15:13:59"
1365,46,"glusterfs-client-xlators",NULL,NULL,NULL,1,"2017-12-04 15:13:59","2017-12-04 15:13:59"
1366,46,"glusterfs-fuse",NULL,NULL,NULL,1,"2017-12-04 15:13:59","2017-12-04 15:13:59"
1367,46,"glusterfs-libs",NULL,NULL,NULL,1,"2017-12-04 15:13:59","2017-12-04 15:13:59"
1368,46,"glx-utils",NULL,NULL,NULL,1,"2017-12-04 15:13:59","2017-12-04 15:13:59"
1369,46,"gmp",NULL,NULL,NULL,1,"2017-12-04 15:13:59","2017-12-04 15:13:59"
1370,46,"gnome-abrt",NULL,NULL,NULL,1,"2017-12-04 15:13:59","2017-12-04 15:13:59"
1371,46,"gnome-bluetooth-libs",NULL,NULL,NULL,1,"2017-12-04 15:13:59","2017-12-04 15:13:59"
1372,46,"gnome-calculator",NULL,NULL,NULL,1,"2017-12-04 15:13:59","2017-12-04 15:13:59"
1373,46,"gnome-classic-session",NULL,NULL,NULL,1,"2017-12-04 15:13:59","2017-12-04 15:13:59"
1374,46,"gnome-clocks",NULL,NULL,NULL,1,"2017-12-04 15:13:59","2017-12-04 15:13:59"
1375,46,"gnome-color-manager",NULL,NULL,NULL,1,"2017-12-04 15:13:59","2017-12-04 15:13:59"
1376,46,"gnome-contacts",NULL,NULL,NULL,1,"2017-12-04 15:13:59","2017-12-04 15:13:59"
1377,46,"gnome-desktop3",NULL,NULL,NULL,1,"2017-12-04 15:13:59","2017-12-04 15:13:59"
1378,46,"gnome-dictionary",NULL,NULL,NULL,1,"2017-12-04 15:13:59","2017-12-04 15:13:59"
1379,46,"gnome-documents",NULL,NULL,NULL,1,"2017-12-04 15:13:59","2017-12-04 15:13:59"
1380,46,"gnome-getting-started-docs",NULL,NULL,NULL,1,"2017-12-04 15:13:59","2017-12-04 15:13:59"
1381,46,"gnome-icon-theme-extras",NULL,NULL,NULL,1,"2017-12-04 15:13:59","2017-12-04 15:13:59"
1382,46,"gnome-icon-theme-legacy",NULL,NULL,NULL,1,"2017-12-04 15:13:59","2017-12-04 15:13:59"
1383,46,"gnome-initial-setup",NULL,NULL,NULL,1,"2017-12-04 15:13:59","2017-12-04 15:13:59"
1384,46,"gnome-keyring-pam",NULL,NULL,NULL,1,"2017-12-04 15:13:59","2017-12-04 15:13:59"
1385,46,"gnome-online-miners",NULL,NULL,NULL,1,"2017-12-04 15:13:59","2017-12-04 15:13:59"
1386,46,"gnome-packagekit",NULL,NULL,NULL,1,"2017-12-04 15:13:59","2017-12-04 15:13:59"
1387,46,"gnome-packagekit-common",NULL,NULL,NULL,1,"2017-12-04 15:13:59","2017-12-04 15:13:59"
1388,46,"gnome-packagekit-installer",NULL,NULL,NULL,1,"2017-12-04 15:13:59","2017-12-04 15:13:59"
1389,46,"gnome-packagekit-updater",NULL,NULL,NULL,1,"2017-12-04 15:13:59","2017-12-04 15:13:59"
1390,46,"gnome-session-xsession",NULL,NULL,NULL,1,"2017-12-04 15:13:59","2017-12-04 15:14:00"
1391,46,"gnome-shell",NULL,NULL,NULL,1,"2017-12-04 15:14:00","2017-12-04 15:14:00"
1392,46,"gnome-shell-extension-alternate-tab",NULL,NULL,NULL,1,"2017-12-04 15:14:00","2017-12-04 15:14:00"
1393,46,"gnome-shell-extension-apps-menu",NULL,NULL,NULL,1,"2017-12-04 15:14:00","2017-12-04 15:14:00"
1394,46,"gnome-shell-extension-common",NULL,NULL,NULL,1,"2017-12-04 15:14:00","2017-12-04 15:14:00"
1395,46,"gnome-shell-extension-launch-new-instance",NULL,NULL,NULL,1,"2017-12-04 15:14:00","2017-12-04 15:14:00"
1396,46,"gnome-shell-extension-places-menu",NULL,NULL,NULL,1,"2017-12-04 15:14:00","2017-12-04 15:14:00"
1397,46,"gnome-shell-extension-window-list",NULL,NULL,NULL,1,"2017-12-04 15:14:00","2017-12-04 15:14:00"
1398,46,"gnome-software",NULL,NULL,NULL,1,"2017-12-04 15:14:00","2017-12-04 15:14:00"
1399,46,"gnome-terminal-nautilus",NULL,NULL,NULL,1,"2017-12-04 15:14:00","2017-12-04 15:14:00"
1400,46,"gnome-themes-standard",NULL,NULL,NULL,1,"2017-12-04 15:14:00","2017-12-04 15:14:00"
1401,46,"gnome-tweak-tool",NULL,NULL,NULL,1,"2017-12-04 15:14:00","2017-12-04 15:14:00"
1402,46,"gnome-user-docs",NULL,NULL,NULL,1,"2017-12-04 15:14:00","2017-12-04 15:14:00"
1403,46,"gnome-video-effects",NULL,NULL,NULL,1,"2017-12-04 15:14:00","2017-12-04 15:14:00"
1404,46,"gnome-weather",NULL,NULL,NULL,1,"2017-12-04 15:14:00","2017-12-04 15:14:00"
1405,46,"gnu-free-fonts-common",NULL,NULL,NULL,1,"2017-12-04 15:14:00","2017-12-04 15:14:00"
1406,46,"gnu-free-mono-fonts",NULL,NULL,NULL,1,"2017-12-04 15:14:00","2017-12-04 15:14:00"
1407,46,"gnu-free-sans-fonts",NULL,NULL,NULL,1,"2017-12-04 15:14:00","2017-12-04 15:14:00"
1408,46,"gnu-free-serif-fonts",NULL,NULL,NULL,1,"2017-12-04 15:14:00","2017-12-04 15:14:00"
1409,46,"gnupg2",NULL,NULL,NULL,1,"2017-12-04 15:14:00","2017-12-04 15:14:00"
1410,46,"gnutls",NULL,NULL,NULL,1,"2017-12-04 15:14:00","2017-12-04 15:14:00"
1411,46,"gobject-introspection",NULL,NULL,NULL,1,"2017-12-04 15:14:00","2017-12-04 15:14:00"
1412,46,"gom",NULL,NULL,NULL,1,"2017-12-04 15:14:00","2017-12-04 15:14:00"
1413,46,"google-crosextra-caladea-fonts",NULL,NULL,NULL,1,"2017-12-04 15:14:00","2017-12-04 15:14:00"
1414,46,"google-crosextra-carlito-fonts",NULL,NULL,NULL,1,"2017-12-04 15:14:00","2017-12-04 15:14:00"
1415,46,"gpgme",NULL,NULL,NULL,1,"2017-12-04 15:14:00","2017-12-04 15:14:00"
1416,46,"gpm-libs",NULL,NULL,NULL,1,"2017-12-04 15:14:00","2017-12-04 15:14:00"
1417,46,"grafana",NULL,NULL,NULL,1,"2017-12-04 15:14:00","2017-12-04 15:14:00"
1418,46,"graphite2",NULL,NULL,NULL,1,"2017-12-04 15:14:00","2017-12-04 15:14:00"
1419,46,"grilo",NULL,NULL,NULL,1,"2017-12-04 15:14:00","2017-12-04 15:14:00"
1420,46,"grilo-plugins",NULL,NULL,NULL,1,"2017-12-04 15:14:00","2017-12-04 15:14:00"
1421,46,"grub2",NULL,NULL,NULL,1,"2017-12-04 15:14:00","2017-12-04 15:14:00"
1422,46,"grub2-efi",NULL,NULL,NULL,1,"2017-12-04 15:14:00","2017-12-04 15:14:00"
1423,46,"grub2-tools",NULL,NULL,NULL,1,"2017-12-04 15:14:00","2017-12-04 15:14:00"
1424,46,"grubby",NULL,NULL,NULL,1,"2017-12-04 15:14:00","2017-12-04 15:14:00"
1425,46,"gsm",NULL,NULL,NULL,1,"2017-12-04 15:14:00","2017-12-04 15:14:00"
1426,46,"gssdp",NULL,NULL,NULL,1,"2017-12-04 15:14:00","2017-12-04 15:14:00"
1427,46,"gssproxy",NULL,NULL,NULL,1,"2017-12-04 15:14:00","2017-12-04 15:14:00"
1428,46,"gstreamer",NULL,NULL,NULL,1,"2017-12-04 15:14:00","2017-12-04 15:14:00"
1429,46,"gstreamer-plugins-bad-free",NULL,NULL,NULL,1,"2017-12-04 15:14:00","2017-12-04 15:14:00"
1430,46,"gstreamer-plugins-base",NULL,NULL,NULL,1,"2017-12-04 15:14:00","2017-12-04 15:14:00"
1431,46,"gstreamer-plugins-good",NULL,NULL,NULL,1,"2017-12-04 15:14:00","2017-12-04 15:14:00"
1432,46,"gstreamer-tools",NULL,NULL,NULL,1,"2017-12-04 15:14:00","2017-12-04 15:14:00"
1433,46,"gstreamer1",NULL,NULL,NULL,1,"2017-12-04 15:14:00","2017-12-04 15:14:00"
1434,46,"gstreamer1-plugins-bad-free",NULL,NULL,NULL,1,"2017-12-04 15:14:00","2017-12-04 15:14:00"
1435,46,"gstreamer1-plugins-base",NULL,NULL,NULL,1,"2017-12-04 15:14:00","2017-12-04 15:14:00"
1436,46,"gstreamer1-plugins-good",NULL,NULL,NULL,1,"2017-12-04 15:14:00","2017-12-04 15:14:01"
1437,46,"gtk-vnc2",NULL,NULL,NULL,1,"2017-12-04 15:14:01","2017-12-04 15:14:01"
1438,46,"gtk2",NULL,NULL,NULL,1,"2017-12-04 15:14:01","2017-12-04 15:14:01"
1439,46,"gtk2-immodule-xim",NULL,NULL,NULL,1,"2017-12-04 15:14:01","2017-12-04 15:14:01"
1440,46,"gtk3",NULL,NULL,NULL,1,"2017-12-04 15:14:01","2017-12-04 15:14:01"
1441,46,"gtk3-immodule-xim",NULL,NULL,NULL,1,"2017-12-04 15:14:01","2017-12-04 15:14:01"
1442,46,"gtkhtml3",NULL,NULL,NULL,1,"2017-12-04 15:14:01","2017-12-04 15:14:01"
1443,46,"gtkmm24",NULL,NULL,NULL,1,"2017-12-04 15:14:01","2017-12-04 15:14:01"
1444,46,"gtkmm30",NULL,NULL,NULL,1,"2017-12-04 15:14:01","2017-12-04 15:14:01"
1445,46,"gtksourceview3",NULL,NULL,NULL,1,"2017-12-04 15:14:01","2017-12-04 15:14:01"
1446,46,"gtkspell3",NULL,NULL,NULL,1,"2017-12-04 15:14:01","2017-12-04 15:14:01"
1447,46,"gupnp",NULL,NULL,NULL,1,"2017-12-04 15:14:01","2017-12-04 15:14:01"
1448,46,"gupnp-av",NULL,NULL,NULL,1,"2017-12-04 15:14:01","2017-12-04 15:14:01"
1449,46,"gupnp-dlna",NULL,NULL,NULL,1,"2017-12-04 15:14:01","2017-12-04 15:14:01"
1450,46,"gupnp-igd",NULL,NULL,NULL,1,"2017-12-04 15:14:01","2017-12-04 15:14:01"
1451,46,"gutenprint",NULL,NULL,NULL,1,"2017-12-04 15:14:01","2017-12-04 15:14:01"
1452,46,"gutenprint-cups",NULL,NULL,NULL,1,"2017-12-04 15:14:01","2017-12-04 15:14:01"
1453,46,"gvfs-afc",NULL,NULL,NULL,1,"2017-12-04 15:14:01","2017-12-04 15:14:01"
1454,46,"gvfs-afp",NULL,NULL,NULL,1,"2017-12-04 15:14:01","2017-12-04 15:14:01"
1455,46,"gvfs-archive",NULL,NULL,NULL,1,"2017-12-04 15:14:01","2017-12-04 15:14:01"
1456,46,"gvfs-goa",NULL,NULL,NULL,1,"2017-12-04 15:14:01","2017-12-04 15:14:01"
1457,46,"gvfs-gphoto2",NULL,NULL,NULL,1,"2017-12-04 15:14:01","2017-12-04 15:14:01"
1458,46,"gvfs-mtp",NULL,NULL,NULL,1,"2017-12-04 15:14:01","2017-12-04 15:14:01"
1459,46,"gvfs-smb",NULL,NULL,NULL,1,"2017-12-04 15:14:01","2017-12-04 15:14:01"
1460,46,"gvnc",NULL,NULL,NULL,1,"2017-12-04 15:14:01","2017-12-04 15:14:01"
1461,46,"hardlink",NULL,NULL,NULL,1,"2017-12-04 15:14:01","2017-12-04 15:14:01"
1462,46,"harfbuzz",NULL,NULL,NULL,1,"2017-12-04 15:14:01","2017-12-04 15:14:01"
1463,46,"harfbuzz-icu",NULL,NULL,NULL,1,"2017-12-04 15:14:01","2017-12-04 15:14:01"
1464,46,"hesiod",NULL,NULL,NULL,1,"2017-12-04 15:14:01","2017-12-04 15:14:01"
1465,46,"highlight",NULL,NULL,NULL,1,"2017-12-04 15:14:01","2017-12-04 15:14:01"
1466,46,"hpijs",NULL,NULL,NULL,1,"2017-12-04 15:14:01","2017-12-04 15:14:01"
1467,46,"hplip-common",NULL,NULL,NULL,1,"2017-12-04 15:14:01","2017-12-04 15:14:01"
1468,46,"hplip-libs",NULL,NULL,NULL,1,"2017-12-04 15:14:01","2017-12-04 15:14:01"
1469,46,"hunspell",NULL,NULL,NULL,1,"2017-12-04 15:14:01","2017-12-04 15:14:01"
1470,46,"hunspell-en",NULL,NULL,NULL,1,"2017-12-04 15:14:01","2017-12-04 15:14:01"
1471,46,"hunspell-en-GB",NULL,NULL,NULL,1,"2017-12-04 15:14:01","2017-12-04 15:14:01"
1472,46,"hunspell-en-US",NULL,NULL,NULL,1,"2017-12-04 15:14:01","2017-12-04 15:14:01"
1473,46,"hyperv-daemons",NULL,NULL,NULL,1,"2017-12-04 15:14:01","2017-12-04 15:14:01"
1474,46,"hyperv-daemons-license",NULL,NULL,NULL,1,"2017-12-04 15:14:01","2017-12-04 15:14:01"
1475,46,"hypervfcopyd",NULL,NULL,NULL,1,"2017-12-04 15:14:01","2017-12-04 15:14:01"
1476,46,"hypervkvpd",NULL,NULL,NULL,1,"2017-12-04 15:14:01","2017-12-04 15:14:01"
1477,46,"hypervvssd",NULL,NULL,NULL,1,"2017-12-04 15:14:01","2017-12-04 15:14:01"
1478,46,"hyphen",NULL,NULL,NULL,1,"2017-12-04 15:14:01","2017-12-04 15:14:01"
1479,46,"hyphen-en",NULL,NULL,NULL,1,"2017-12-04 15:14:01","2017-12-04 15:14:01"
1480,46,"ibus-chewing",NULL,NULL,NULL,1,"2017-12-04 15:14:02","2017-12-04 15:14:02"
1481,46,"ibus-gtk2",NULL,NULL,NULL,1,"2017-12-04 15:14:02","2017-12-04 15:14:02"
1482,46,"ibus-hangul",NULL,NULL,NULL,1,"2017-12-04 15:14:02","2017-12-04 15:14:02"
1483,46,"ibus-kkc",NULL,NULL,NULL,1,"2017-12-04 15:14:02","2017-12-04 15:14:02"
1484,46,"ibus-libpinyin",NULL,NULL,NULL,1,"2017-12-04 15:14:02","2017-12-04 15:14:02"
1485,46,"ibus-libs",NULL,NULL,NULL,1,"2017-12-04 15:14:02","2017-12-04 15:14:02"
1486,46,"ibus-m17n",NULL,NULL,NULL,1,"2017-12-04 15:14:02","2017-12-04 15:14:02"
1487,46,"ibus-rawcode",NULL,NULL,NULL,1,"2017-12-04 15:14:02","2017-12-04 15:14:02"
1488,46,"ibus-sayura",NULL,NULL,NULL,1,"2017-12-04 15:14:02","2017-12-04 15:14:02"
1489,46,"ibus-setup",NULL,NULL,NULL,1,"2017-12-04 15:14:02","2017-12-04 15:14:02"
1490,46,"ibus-table-chinese",NULL,NULL,NULL,1,"2017-12-04 15:14:02","2017-12-04 15:14:02"
1491,46,"icedax",NULL,NULL,NULL,1,"2017-12-04 15:14:02","2017-12-04 15:14:02"
1492,46,"icedtea-web",NULL,NULL,NULL,1,"2017-12-04 15:14:02","2017-12-04 15:14:02"
1493,46,"imsettings",NULL,NULL,NULL,1,"2017-12-04 15:14:02","2017-12-04 15:14:02"
1494,46,"imsettings-gsettings",NULL,NULL,NULL,1,"2017-12-04 15:14:02","2017-12-04 15:14:02"
1495,46,"imsettings-libs",NULL,NULL,NULL,1,"2017-12-04 15:14:02","2017-12-04 15:14:02"
1496,46,"initial-setup",NULL,NULL,NULL,1,"2017-12-04 15:14:02","2017-12-04 15:14:02"
1497,46,"initial-setup-gui",NULL,NULL,NULL,1,"2017-12-04 15:14:02","2017-12-04 15:14:02"
1498,46,"ipa-client",NULL,NULL,NULL,1,"2017-12-04 15:14:02","2017-12-04 15:14:02"
1499,46,"ipa-client-common",NULL,NULL,NULL,1,"2017-12-04 15:14:02","2017-12-04 15:14:02"
1500,46,"ipa-common",NULL,NULL,NULL,1,"2017-12-04 15:14:02","2017-12-04 15:14:02"
1501,46,"iprutils",NULL,NULL,NULL,1,"2017-12-04 15:14:02","2017-12-04 15:14:02"
1502,46,"ipset",NULL,NULL,NULL,1,"2017-12-04 15:14:02","2017-12-04 15:14:02"
1503,46,"ipset-libs",NULL,NULL,NULL,1,"2017-12-04 15:14:02","2017-12-04 15:14:02"
1504,46,"iputils",NULL,NULL,NULL,1,"2017-12-04 15:14:02","2017-12-04 15:14:02"
1505,46,"iscsi-initiator-utils",NULL,NULL,NULL,1,"2017-12-04 15:14:02","2017-12-04 15:14:02"
1506,46,"iscsi-initiator-utils-iscsiuio",NULL,NULL,NULL,1,"2017-12-04 15:14:02","2017-12-04 15:14:02"
1507,46,"isomd5sum",NULL,NULL,NULL,1,"2017-12-04 15:14:02","2017-12-04 15:14:02"
1508,46,"ivtv-firmware",NULL,NULL,NULL,1,"2017-12-04 15:14:02","2017-12-04 15:14:02"
1509,46,"iw",NULL,NULL,NULL,1,"2017-12-04 15:14:02","2017-12-04 15:14:02"
1510,46,"iwl100-firmware",NULL,NULL,NULL,1,"2017-12-04 15:14:02","2017-12-04 15:14:02"
1511,46,"iwl1000-firmware",NULL,NULL,NULL,1,"2017-12-04 15:14:02","2017-12-04 15:14:02"
1512,46,"iwl105-firmware",NULL,NULL,NULL,1,"2017-12-04 15:14:02","2017-12-04 15:14:02"
1513,46,"iwl135-firmware",NULL,NULL,NULL,1,"2017-12-04 15:14:02","2017-12-04 15:14:02"
1514,46,"iwl2000-firmware",NULL,NULL,NULL,1,"2017-12-04 15:14:02","2017-12-04 15:14:02"
1515,46,"iwl2030-firmware",NULL,NULL,NULL,1,"2017-12-04 15:14:02","2017-12-04 15:14:02"
1516,46,"iwl3160-firmware",NULL,NULL,NULL,1,"2017-12-04 15:14:02","2017-12-04 15:14:02"
1517,46,"iwl3945-firmware",NULL,NULL,NULL,1,"2017-12-04 15:14:02","2017-12-04 15:14:02"
1518,46,"iwl4965-firmware",NULL,NULL,NULL,1,"2017-12-04 15:14:02","2017-12-04 15:14:02"
1519,46,"iwl5000-firmware",NULL,NULL,NULL,1,"2017-12-04 15:14:02","2017-12-04 15:14:02"
1520,46,"iwl5150-firmware",NULL,NULL,NULL,1,"2017-12-04 15:14:02","2017-12-04 15:14:02"
1521,46,"iwl6000-firmware",NULL,NULL,NULL,1,"2017-12-04 15:14:02","2017-12-04 15:14:02"
1522,46,"iwl6000g2a-firmware",NULL,NULL,NULL,1,"2017-12-04 15:14:02","2017-12-04 15:14:02"
1523,46,"iwl6000g2b-firmware",NULL,NULL,NULL,1,"2017-12-04 15:14:02","2017-12-04 15:14:02"
1524,46,"iwl6050-firmware",NULL,NULL,NULL,1,"2017-12-04 15:14:02","2017-12-04 15:14:02"
1525,46,"iwl7260-firmware",NULL,NULL,NULL,1,"2017-12-04 15:14:02","2017-12-04 15:14:02"
1526,46,"iwl7265-firmware",NULL,NULL,NULL,1,"2017-12-04 15:14:03","2017-12-04 15:14:03"
1527,46,"jansson",NULL,NULL,NULL,1,"2017-12-04 15:14:03","2017-12-04 15:14:03"
1528,46,"jasper-libs",NULL,NULL,NULL,1,"2017-12-04 15:14:03","2017-12-04 15:14:03"
1529,46,"java-1.7.0-openjdk",NULL,NULL,NULL,1,"2017-12-04 15:14:03","2017-12-04 15:14:03"
1530,46,"java-1.7.0-openjdk-headless",NULL,NULL,NULL,1,"2017-12-04 15:14:03","2017-12-04 15:14:03"
1531,46,"java-1.8.0-openjdk",NULL,NULL,NULL,1,"2017-12-04 15:14:03","2017-12-04 15:14:03"
1532,46,"java-1.8.0-openjdk-headless",NULL,NULL,NULL,1,"2017-12-04 15:14:03","2017-12-04 15:14:03"
1533,46,"javapackages-tools",NULL,NULL,NULL,1,"2017-12-04 15:14:03","2017-12-04 15:14:03"
1534,46,"jbigkit-libs",NULL,NULL,NULL,1,"2017-12-04 15:14:03","2017-12-04 15:14:03"
1535,46,"jline",NULL,NULL,NULL,1,"2017-12-04 15:14:03","2017-12-04 15:14:03"
1536,46,"jomolhari-fonts",NULL,NULL,NULL,1,"2017-12-04 15:14:03","2017-12-04 15:14:03"
1537,46,"json-c",NULL,NULL,NULL,1,"2017-12-04 15:14:03","2017-12-04 15:14:03"
1538,46,"json-glib",NULL,NULL,NULL,1,"2017-12-04 15:14:03","2017-12-04 15:14:03"
1539,46,"kbd-legacy",NULL,NULL,NULL,1,"2017-12-04 15:14:03","2017-12-04 15:14:03"
1540,46,"kbd-misc",NULL,NULL,NULL,1,"2017-12-04 15:14:03","2017-12-04 15:14:03"
1541,46,"kernel",NULL,NULL,NULL,1,"2017-12-04 15:14:03","2017-12-04 15:14:03"
1542,46,"kernel-tools",NULL,NULL,NULL,1,"2017-12-04 15:14:03","2017-12-04 15:14:03"
1543,46,"kernel-tools-libs",NULL,NULL,NULL,1,"2017-12-04 15:14:03","2017-12-04 15:14:03"
1544,46,"kexec-tools",NULL,NULL,NULL,1,"2017-12-04 15:14:03","2017-12-04 15:14:03"
1545,46,"keybinder3",NULL,NULL,NULL,1,"2017-12-04 15:14:03","2017-12-04 15:14:03"
1546,46,"keyutils",NULL,NULL,NULL,1,"2017-12-04 15:14:03","2017-12-04 15:14:03"
1547,46,"keyutils-libs",NULL,NULL,NULL,1,"2017-12-04 15:14:03","2017-12-04 15:14:03"
1548,46,"khmeros-base-fonts",NULL,NULL,NULL,1,"2017-12-04 15:14:03","2017-12-04 15:14:03"
1549,46,"khmeros-fonts-common",NULL,NULL,NULL,1,"2017-12-04 15:14:03","2017-12-04 15:14:03"
1550,46,"kmod",NULL,NULL,NULL,1,"2017-12-04 15:14:03","2017-12-04 15:14:03"
1551,46,"kmod-libs",NULL,NULL,NULL,1,"2017-12-04 15:14:03","2017-12-04 15:14:03"
1552,46,"kpartx",NULL,NULL,NULL,1,"2017-12-04 15:14:03","2017-12-04 15:14:03"
1553,46,"kpatch",NULL,NULL,NULL,1,"2017-12-04 15:14:03","2017-12-04 15:14:03"
1554,46,"krb5-libs",NULL,NULL,NULL,1,"2017-12-04 15:14:03","2017-12-04 15:14:03"
1555,46,"krb5-workstation",NULL,NULL,NULL,1,"2017-12-04 15:14:03","2017-12-04 15:14:03"
1556,46,"langtable",NULL,NULL,NULL,1,"2017-12-04 15:14:03","2017-12-04 15:14:03"
1557,46,"langtable-data",NULL,NULL,NULL,1,"2017-12-04 15:14:03","2017-12-04 15:14:03"
1558,46,"langtable-python",NULL,NULL,NULL,1,"2017-12-04 15:14:03","2017-12-04 15:14:03"
1559,46,"lcms2",NULL,NULL,NULL,1,"2017-12-04 15:14:03","2017-12-04 15:14:03"
1560,46,"ldns",NULL,NULL,NULL,1,"2017-12-04 15:14:03","2017-12-04 15:14:03"
1561,46,"ledmon",NULL,NULL,NULL,1,"2017-12-04 15:14:03","2017-12-04 15:14:03"
1562,46,"libGLEW",NULL,NULL,NULL,1,"2017-12-04 15:14:03","2017-12-04 15:14:03"
1563,46,"libICE",NULL,NULL,NULL,1,"2017-12-04 15:14:03","2017-12-04 15:14:03"
1564,46,"libSM",NULL,NULL,NULL,1,"2017-12-04 15:14:03","2017-12-04 15:14:03"
1565,46,"libX11",NULL,NULL,NULL,1,"2017-12-04 15:14:03","2017-12-04 15:14:03"
1566,46,"libX11-common",NULL,NULL,NULL,1,"2017-12-04 15:14:03","2017-12-04 15:14:03"
1567,46,"libXau",NULL,NULL,NULL,1,"2017-12-04 15:14:03","2017-12-04 15:14:03"
1568,46,"libXcomposite",NULL,NULL,NULL,1,"2017-12-04 15:14:03","2017-12-04 15:14:03"
1569,46,"libXcursor",NULL,NULL,NULL,1,"2017-12-04 15:14:03","2017-12-04 15:14:03"
1570,46,"libXdamage",NULL,NULL,NULL,1,"2017-12-04 15:14:03","2017-12-04 15:14:03"
1571,46,"libXdmcp",NULL,NULL,NULL,1,"2017-12-04 15:14:03","2017-12-04 15:14:03"
1572,46,"libXevie",NULL,NULL,NULL,1,"2017-12-04 15:14:03","2017-12-04 15:14:03"
1573,46,"libXext",NULL,NULL,NULL,1,"2017-12-04 15:14:04","2017-12-04 15:14:04"
1574,46,"libXfixes",NULL,NULL,NULL,1,"2017-12-04 15:14:04","2017-12-04 15:14:04"
1575,46,"libXfont",NULL,NULL,NULL,1,"2017-12-04 15:14:04","2017-12-04 15:14:04"
1576,46,"libXft",NULL,NULL,NULL,1,"2017-12-04 15:14:04","2017-12-04 15:14:04"
1577,46,"libXi",NULL,NULL,NULL,1,"2017-12-04 15:14:04","2017-12-04 15:14:04"
1578,46,"libXinerama",NULL,NULL,NULL,1,"2017-12-04 15:14:04","2017-12-04 15:14:04"
1579,46,"libXmu",NULL,NULL,NULL,1,"2017-12-04 15:14:04","2017-12-04 15:14:04"
1580,46,"libXpm",NULL,NULL,NULL,1,"2017-12-04 15:14:04","2017-12-04 15:14:04"
1581,46,"libXrandr",NULL,NULL,NULL,1,"2017-12-04 15:14:04","2017-12-04 15:14:04"
1582,46,"libXrender",NULL,NULL,NULL,1,"2017-12-04 15:14:04","2017-12-04 15:14:04"
1583,46,"libXres",NULL,NULL,NULL,1,"2017-12-04 15:14:04","2017-12-04 15:14:04"
1584,46,"libXt",NULL,NULL,NULL,1,"2017-12-04 15:14:04","2017-12-04 15:14:04"
1585,46,"libXtst",NULL,NULL,NULL,1,"2017-12-04 15:14:04","2017-12-04 15:14:04"
1586,46,"libXv",NULL,NULL,NULL,1,"2017-12-04 15:14:04","2017-12-04 15:14:04"
1587,46,"libXvMC",NULL,NULL,NULL,1,"2017-12-04 15:14:04","2017-12-04 15:14:04"
1588,46,"libXxf86dga",NULL,NULL,NULL,1,"2017-12-04 15:14:04","2017-12-04 15:14:04"
1589,46,"libXxf86misc",NULL,NULL,NULL,1,"2017-12-04 15:14:04","2017-12-04 15:14:04"
1590,46,"libXxf86vm",NULL,NULL,NULL,1,"2017-12-04 15:14:04","2017-12-04 15:14:04"
1591,46,"libabw",NULL,NULL,NULL,1,"2017-12-04 15:14:04","2017-12-04 15:14:04"
1592,46,"libacl",NULL,NULL,NULL,1,"2017-12-04 15:14:04","2017-12-04 15:14:04"
1593,46,"libaio",NULL,NULL,NULL,1,"2017-12-04 15:14:04","2017-12-04 15:14:04"
1594,46,"libao",NULL,NULL,NULL,1,"2017-12-04 15:14:04","2017-12-04 15:14:04"
1595,46,"libappstream-glib",NULL,NULL,NULL,1,"2017-12-04 15:14:04","2017-12-04 15:14:04"
1596,46,"libarchive",NULL,NULL,NULL,1,"2017-12-04 15:14:04","2017-12-04 15:14:04"
1597,46,"libassuan",NULL,NULL,NULL,1,"2017-12-04 15:14:04","2017-12-04 15:14:04"
1598,46,"libasyncns",NULL,NULL,NULL,1,"2017-12-04 15:14:04","2017-12-04 15:14:04"
1599,46,"libatasmart",NULL,NULL,NULL,1,"2017-12-04 15:14:04","2017-12-04 15:14:04"
1600,46,"libattr",NULL,NULL,NULL,1,"2017-12-04 15:14:04","2017-12-04 15:14:04"
1601,46,"libavc1394",NULL,NULL,NULL,1,"2017-12-04 15:14:04","2017-12-04 15:14:04"
1602,46,"libbasicobjects",NULL,NULL,NULL,1,"2017-12-04 15:14:04","2017-12-04 15:14:04"
1603,46,"libblkid",NULL,NULL,NULL,1,"2017-12-04 15:14:04","2017-12-04 15:14:04"
1604,46,"libbluray",NULL,NULL,NULL,1,"2017-12-04 15:14:04","2017-12-04 15:14:04"
1605,46,"libburn",NULL,NULL,NULL,1,"2017-12-04 15:14:04","2017-12-04 15:14:04"
1606,46,"libcacard",NULL,NULL,NULL,1,"2017-12-04 15:14:04","2017-12-04 15:14:04"
1607,46,"libcanberra",NULL,NULL,NULL,1,"2017-12-04 15:14:04","2017-12-04 15:14:04"
1608,46,"libcanberra-gtk2",NULL,NULL,NULL,1,"2017-12-04 15:14:04","2017-12-04 15:14:04"
1609,46,"libcanberra-gtk3",NULL,NULL,NULL,1,"2017-12-04 15:14:04","2017-12-04 15:14:04"
1610,46,"libcap",NULL,NULL,NULL,1,"2017-12-04 15:14:04","2017-12-04 15:14:04"
1611,46,"libcap-ng",NULL,NULL,NULL,1,"2017-12-04 15:14:04","2017-12-04 15:14:04"
1612,46,"libcdio",NULL,NULL,NULL,1,"2017-12-04 15:14:04","2017-12-04 15:14:04"
1613,46,"libcdio-paranoia",NULL,NULL,NULL,1,"2017-12-04 15:14:04","2017-12-04 15:14:04"
1614,46,"libcdr",NULL,NULL,NULL,1,"2017-12-04 15:14:04","2017-12-04 15:14:04"
1615,46,"libcgroup",NULL,NULL,NULL,1,"2017-12-04 15:14:04","2017-12-04 15:14:04"
1616,46,"libcgroup-tools",NULL,NULL,NULL,1,"2017-12-04 15:14:04","2017-12-04 15:14:04"
1617,46,"libchamplain",NULL,NULL,NULL,1,"2017-12-04 15:14:04","2017-12-04 15:14:04"
1618,46,"libchamplain-gtk",NULL,NULL,NULL,1,"2017-12-04 15:14:04","2017-12-04 15:14:04"
1619,46,"libchewing",NULL,NULL,NULL,1,"2017-12-04 15:14:04","2017-12-04 15:14:04"
1620,46,"libcmis",NULL,NULL,NULL,1,"2017-12-04 15:14:05","2017-12-04 15:14:05"
1621,46,"libcollection",NULL,NULL,NULL,1,"2017-12-04 15:14:05","2017-12-04 15:14:05"
1622,46,"libcom_err",NULL,NULL,NULL,1,"2017-12-04 15:14:05","2017-12-04 15:14:05"
1623,46,"libconfig",NULL,NULL,NULL,1,"2017-12-04 15:14:05","2017-12-04 15:14:05"
1624,46,"libcroco",NULL,NULL,NULL,1,"2017-12-04 15:14:05","2017-12-04 15:14:05"
1625,46,"libcurl",NULL,NULL,NULL,1,"2017-12-04 15:14:05","2017-12-04 15:14:05"
1626,46,"libdaemon",NULL,NULL,NULL,1,"2017-12-04 15:14:05","2017-12-04 15:14:05"
1627,46,"libdb",NULL,NULL,NULL,1,"2017-12-04 15:14:05","2017-12-04 15:14:05"
1628,46,"libdb-utils",NULL,NULL,NULL,1,"2017-12-04 15:14:05","2017-12-04 15:14:05"
1629,46,"libdhash",NULL,NULL,NULL,1,"2017-12-04 15:14:05","2017-12-04 15:14:05"
1630,46,"libdmapsharing",NULL,NULL,NULL,1,"2017-12-04 15:14:05","2017-12-04 15:14:05"
1631,46,"libdmx",NULL,NULL,NULL,1,"2017-12-04 15:14:05","2017-12-04 15:14:05"
1632,46,"libdnet",NULL,NULL,NULL,1,"2017-12-04 15:14:05","2017-12-04 15:14:05"
1633,46,"libdrm",NULL,NULL,NULL,1,"2017-12-04 15:14:05","2017-12-04 15:14:05"
1634,46,"libdv",NULL,NULL,NULL,1,"2017-12-04 15:14:05","2017-12-04 15:14:05"
1635,46,"libdvdnav",NULL,NULL,NULL,1,"2017-12-04 15:14:05","2017-12-04 15:14:05"
1636,46,"libdvdread",NULL,NULL,NULL,1,"2017-12-04 15:14:05","2017-12-04 15:14:05"
1637,46,"libdwarf",NULL,NULL,NULL,1,"2017-12-04 15:14:05","2017-12-04 15:14:05"
1638,46,"libedit",NULL,NULL,NULL,1,"2017-12-04 15:14:05","2017-12-04 15:14:05"
1639,46,"libepoxy",NULL,NULL,NULL,1,"2017-12-04 15:14:05","2017-12-04 15:14:05"
1640,46,"liberation-fonts-common",NULL,NULL,NULL,1,"2017-12-04 15:14:05","2017-12-04 15:14:05"
1641,46,"liberation-mono-fonts",NULL,NULL,NULL,1,"2017-12-04 15:14:05","2017-12-04 15:14:05"
1642,46,"liberation-sans-fonts",NULL,NULL,NULL,1,"2017-12-04 15:14:05","2017-12-04 15:14:05"
1643,46,"liberation-serif-fonts",NULL,NULL,NULL,1,"2017-12-04 15:14:05","2017-12-04 15:14:05"
1644,46,"libestr",NULL,NULL,NULL,1,"2017-12-04 15:14:05","2017-12-04 15:14:05"
1645,46,"libetonyek",NULL,NULL,NULL,1,"2017-12-04 15:14:05","2017-12-04 15:14:05"
1646,46,"libevdev",NULL,NULL,NULL,1,"2017-12-04 15:14:05","2017-12-04 15:14:05"
1647,46,"libevent",NULL,NULL,NULL,1,"2017-12-04 15:14:05","2017-12-04 15:14:05"
1648,46,"libexif",NULL,NULL,NULL,1,"2017-12-04 15:14:05","2017-12-04 15:14:05"
1649,46,"libexttextcat",NULL,NULL,NULL,1,"2017-12-04 15:14:05","2017-12-04 15:14:05"
1650,46,"libffi",NULL,NULL,NULL,1,"2017-12-04 15:14:05","2017-12-04 15:14:05"
1651,46,"libfontenc",NULL,NULL,NULL,1,"2017-12-04 15:14:05","2017-12-04 15:14:05"
1652,46,"libfprint",NULL,NULL,NULL,1,"2017-12-04 15:14:05","2017-12-04 15:14:05"
1653,46,"libfreehand",NULL,NULL,NULL,1,"2017-12-04 15:14:05","2017-12-04 15:14:05"
1654,46,"libgcc",NULL,NULL,NULL,1,"2017-12-04 15:14:05","2017-12-04 15:14:05"
1655,46,"libgcrypt",NULL,NULL,NULL,1,"2017-12-04 15:14:05","2017-12-04 15:14:05"
1656,46,"libgdata",NULL,NULL,NULL,1,"2017-12-04 15:14:05","2017-12-04 15:14:05"
1657,46,"libgdither",NULL,NULL,NULL,1,"2017-12-04 15:14:05","2017-12-04 15:14:05"
1658,46,"libgee",NULL,NULL,NULL,1,"2017-12-04 15:14:05","2017-12-04 15:14:05"
1659,46,"libgee06",NULL,NULL,NULL,1,"2017-12-04 15:14:05","2017-12-04 15:14:05"
1660,46,"libgexiv2",NULL,NULL,NULL,1,"2017-12-04 15:14:05","2017-12-04 15:14:05"
1661,46,"libglade2",NULL,NULL,NULL,1,"2017-12-04 15:14:05","2017-12-04 15:14:05"
1662,46,"libgnome-keyring",NULL,NULL,NULL,1,"2017-12-04 15:14:05","2017-12-04 15:14:05"
1663,46,"libgnomekbd",NULL,NULL,NULL,1,"2017-12-04 15:14:05","2017-12-04 15:14:05"
1664,46,"libgomp",NULL,NULL,NULL,1,"2017-12-04 15:14:05","2017-12-04 15:14:05"
1665,46,"libgpg-error",NULL,NULL,NULL,1,"2017-12-04 15:14:05","2017-12-04 15:14:05"
1666,46,"libgphoto2",NULL,NULL,NULL,1,"2017-12-04 15:14:05","2017-12-04 15:14:06"
1667,46,"libgpod",NULL,NULL,NULL,1,"2017-12-04 15:14:06","2017-12-04 15:14:06"
1668,46,"libgsf",NULL,NULL,NULL,1,"2017-12-04 15:14:06","2017-12-04 15:14:06"
1669,46,"libgtop2",NULL,NULL,NULL,1,"2017-12-04 15:14:06","2017-12-04 15:14:06"
1670,46,"libgudev1",NULL,NULL,NULL,1,"2017-12-04 15:14:06","2017-12-04 15:14:06"
1671,46,"libgusb",NULL,NULL,NULL,1,"2017-12-04 15:14:06","2017-12-04 15:14:06"
1672,46,"libgweather",NULL,NULL,NULL,1,"2017-12-04 15:14:06","2017-12-04 15:14:06"
1673,46,"libgxps",NULL,NULL,NULL,1,"2017-12-04 15:14:06","2017-12-04 15:14:06"
1674,46,"libhangul",NULL,NULL,NULL,1,"2017-12-04 15:14:06","2017-12-04 15:14:06"
1675,46,"libical",NULL,NULL,NULL,1,"2017-12-04 15:14:06","2017-12-04 15:14:06"
1676,46,"libicu",NULL,NULL,NULL,1,"2017-12-04 15:14:06","2017-12-04 15:14:06"
1677,46,"libidn",NULL,NULL,NULL,1,"2017-12-04 15:14:06","2017-12-04 15:14:06"
1678,46,"libiec61883",NULL,NULL,NULL,1,"2017-12-04 15:14:06","2017-12-04 15:14:06"
1679,46,"libieee1284",NULL,NULL,NULL,1,"2017-12-04 15:14:06","2017-12-04 15:14:06"
1680,46,"libimobiledevice",NULL,NULL,NULL,1,"2017-12-04 15:14:06","2017-12-04 15:14:06"
1681,46,"libini_config",NULL,NULL,NULL,1,"2017-12-04 15:14:06","2017-12-04 15:14:06"
1682,46,"libipa_hbac",NULL,NULL,NULL,1,"2017-12-04 15:14:06","2017-12-04 15:14:06"
1683,46,"libiptcdata",NULL,NULL,NULL,1,"2017-12-04 15:14:06","2017-12-04 15:14:06"
1684,46,"libisofs",NULL,NULL,NULL,1,"2017-12-04 15:14:06","2017-12-04 15:14:06"
1685,46,"libjpeg-turbo",NULL,NULL,NULL,1,"2017-12-04 15:14:06","2017-12-04 15:14:06"
1686,46,"libkadm5",NULL,NULL,NULL,1,"2017-12-04 15:14:06","2017-12-04 15:14:06"
1687,46,"libkkc",NULL,NULL,NULL,1,"2017-12-04 15:14:06","2017-12-04 15:14:06"
1688,46,"libkkc-common",NULL,NULL,NULL,1,"2017-12-04 15:14:06","2017-12-04 15:14:06"
1689,46,"libkkc-data",NULL,NULL,NULL,1,"2017-12-04 15:14:06","2017-12-04 15:14:06"
1690,46,"liblangtag",NULL,NULL,NULL,1,"2017-12-04 15:14:06","2017-12-04 15:14:06"
1691,46,"libldb",NULL,NULL,NULL,1,"2017-12-04 15:14:06","2017-12-04 15:14:06"
1692,46,"liblouis",NULL,NULL,NULL,1,"2017-12-04 15:14:06","2017-12-04 15:14:06"
1693,46,"liblouis-python",NULL,NULL,NULL,1,"2017-12-04 15:14:06","2017-12-04 15:14:06"
1694,46,"libmbim",NULL,NULL,NULL,1,"2017-12-04 15:14:06","2017-12-04 15:14:06"
1695,46,"libmbim-utils",NULL,NULL,NULL,1,"2017-12-04 15:14:06","2017-12-04 15:14:06"
1696,46,"libmediaart",NULL,NULL,NULL,1,"2017-12-04 15:14:06","2017-12-04 15:14:06"
1697,46,"libmnl",NULL,NULL,NULL,1,"2017-12-04 15:14:06","2017-12-04 15:14:06"
1698,46,"libmodman",NULL,NULL,NULL,1,"2017-12-04 15:14:06","2017-12-04 15:14:06"
1699,46,"libmount",NULL,NULL,NULL,1,"2017-12-04 15:14:06","2017-12-04 15:14:06"
1700,46,"libmpcdec",NULL,NULL,NULL,1,"2017-12-04 15:14:06","2017-12-04 15:14:06"
1701,46,"libmspack",NULL,NULL,NULL,1,"2017-12-04 15:14:06","2017-12-04 15:14:06"
1702,46,"libmspub",NULL,NULL,NULL,1,"2017-12-04 15:14:06","2017-12-04 15:14:06"
1703,46,"libmtp",NULL,NULL,NULL,1,"2017-12-04 15:14:06","2017-12-04 15:14:06"
1704,46,"libmusicbrainz5",NULL,NULL,NULL,1,"2017-12-04 15:14:06","2017-12-04 15:14:06"
1705,46,"libmwaw",NULL,NULL,NULL,1,"2017-12-04 15:14:06","2017-12-04 15:14:06"
1706,46,"libmx",NULL,NULL,NULL,1,"2017-12-04 15:14:06","2017-12-04 15:14:06"
1707,46,"libndp",NULL,NULL,NULL,1,"2017-12-04 15:14:06","2017-12-04 15:14:06"
1708,46,"libnetfilter_conntrack",NULL,NULL,NULL,1,"2017-12-04 15:14:06","2017-12-04 15:14:06"
1709,46,"libnfnetlink",NULL,NULL,NULL,1,"2017-12-04 15:14:06","2017-12-04 15:14:06"
1710,46,"libnfsidmap",NULL,NULL,NULL,1,"2017-12-04 15:14:06","2017-12-04 15:14:06"
1711,46,"libnice",NULL,NULL,NULL,1,"2017-12-04 15:14:07","2017-12-04 15:14:07"
1712,46,"libnl",NULL,NULL,NULL,1,"2017-12-04 15:14:07","2017-12-04 15:14:07"
1713,46,"libnl3",NULL,NULL,NULL,1,"2017-12-04 15:14:07","2017-12-04 15:14:07"
1714,46,"libnl3-cli",NULL,NULL,NULL,1,"2017-12-04 15:14:07","2017-12-04 15:14:07"
1715,46,"libnm-gtk",NULL,NULL,NULL,1,"2017-12-04 15:14:07","2017-12-04 15:14:07"
1716,46,"libnma",NULL,NULL,NULL,1,"2017-12-04 15:14:07","2017-12-04 15:14:07"
1717,46,"libnotify",NULL,NULL,NULL,1,"2017-12-04 15:14:07","2017-12-04 15:14:07"
1718,46,"liboauth",NULL,NULL,NULL,1,"2017-12-04 15:14:07","2017-12-04 15:14:07"
1719,46,"libodfgen",NULL,NULL,NULL,1,"2017-12-04 15:14:07","2017-12-04 15:14:07"
1720,46,"libofa",NULL,NULL,NULL,1,"2017-12-04 15:14:07","2017-12-04 15:14:07"
1721,46,"libogg",NULL,NULL,NULL,1,"2017-12-04 15:14:07","2017-12-04 15:14:07"
1722,46,"liborcus",NULL,NULL,NULL,1,"2017-12-04 15:14:07","2017-12-04 15:14:07"
1723,46,"libosinfo",NULL,NULL,NULL,1,"2017-12-04 15:14:07","2017-12-04 15:14:07"
1724,46,"libpagemaker",NULL,NULL,NULL,1,"2017-12-04 15:14:07","2017-12-04 15:14:07"
1725,46,"libpath_utils",NULL,NULL,NULL,1,"2017-12-04 15:14:07","2017-12-04 15:14:07"
1726,46,"libpcap",NULL,NULL,NULL,1,"2017-12-04 15:14:07","2017-12-04 15:14:07"
1727,46,"libpciaccess",NULL,NULL,NULL,1,"2017-12-04 15:14:07","2017-12-04 15:14:07"
1728,46,"libpeas",NULL,NULL,NULL,1,"2017-12-04 15:14:07","2017-12-04 15:14:07"
1729,46,"libpinyin",NULL,NULL,NULL,1,"2017-12-04 15:14:07","2017-12-04 15:14:07"
1730,46,"libpinyin-data",NULL,NULL,NULL,1,"2017-12-04 15:14:07","2017-12-04 15:14:07"
1731,46,"libpipeline",NULL,NULL,NULL,1,"2017-12-04 15:14:07","2017-12-04 15:14:07"
1732,46,"libplist",NULL,NULL,NULL,1,"2017-12-04 15:14:07","2017-12-04 15:14:07"
1733,46,"libpng",NULL,NULL,NULL,1,"2017-12-04 15:14:07","2017-12-04 15:14:07"
1734,46,"libproxy",NULL,NULL,NULL,1,"2017-12-04 15:14:07","2017-12-04 15:14:07"
1735,46,"libproxy-mozjs",NULL,NULL,NULL,1,"2017-12-04 15:14:07","2017-12-04 15:14:07"
1736,46,"libpurple",NULL,NULL,NULL,1,"2017-12-04 15:14:07","2017-12-04 15:14:07"
1737,46,"libpwquality",NULL,NULL,NULL,1,"2017-12-04 15:14:07","2017-12-04 15:14:07"
1738,46,"libqmi",NULL,NULL,NULL,1,"2017-12-04 15:14:07","2017-12-04 15:14:07"
1739,46,"libqmi-utils",NULL,NULL,NULL,1,"2017-12-04 15:14:07","2017-12-04 15:14:07"
1740,46,"librados2",NULL,NULL,NULL,1,"2017-12-04 15:14:07","2017-12-04 15:14:07"
1741,46,"libraw1394",NULL,NULL,NULL,1,"2017-12-04 15:14:07","2017-12-04 15:14:07"
1742,46,"libref_array",NULL,NULL,NULL,1,"2017-12-04 15:14:07","2017-12-04 15:14:07"
1743,46,"libreoffice-graphicfilter",NULL,NULL,NULL,1,"2017-12-04 15:14:07","2017-12-04 15:14:07"
1744,46,"libreoffice-opensymbol-fonts",NULL,NULL,NULL,1,"2017-12-04 15:14:07","2017-12-04 15:14:07"
1745,46,"libreoffice-pdfimport",NULL,NULL,NULL,1,"2017-12-04 15:14:07","2017-12-04 15:14:07"
1746,46,"libreoffice-pyuno",NULL,NULL,NULL,1,"2017-12-04 15:14:07","2017-12-04 15:14:07"
1747,46,"libreoffice-ure",NULL,NULL,NULL,1,"2017-12-04 15:14:07","2017-12-04 15:14:07"
1748,46,"libreport",NULL,NULL,NULL,1,"2017-12-04 15:14:07","2017-12-04 15:14:07"
1749,46,"libreport-anaconda",NULL,NULL,NULL,1,"2017-12-04 15:14:07","2017-12-04 15:14:07"
1750,46,"libreport-centos",NULL,NULL,NULL,1,"2017-12-04 15:14:08","2017-12-04 15:14:08"
1751,46,"libreport-cli",NULL,NULL,NULL,1,"2017-12-04 15:14:08","2017-12-04 15:14:08"
1752,46,"libreport-filesystem",NULL,NULL,NULL,1,"2017-12-04 15:14:08","2017-12-04 15:14:08"
1753,46,"libreport-gtk",NULL,NULL,NULL,1,"2017-12-04 15:14:08","2017-12-04 15:14:08"
1754,46,"libreport-plugin-bugzilla",NULL,NULL,NULL,1,"2017-12-04 15:14:08","2017-12-04 15:14:08"
1755,46,"libreport-plugin-mailx",NULL,NULL,NULL,1,"2017-12-04 15:14:08","2017-12-04 15:14:08"
1756,46,"libreport-plugin-mantisbt",NULL,NULL,NULL,1,"2017-12-04 15:14:08","2017-12-04 15:14:08"
1757,46,"libreport-plugin-reportuploader",NULL,NULL,NULL,1,"2017-12-04 15:14:08","2017-12-04 15:14:08"
1758,46,"libreport-plugin-rhtsupport",NULL,NULL,NULL,1,"2017-12-04 15:14:08","2017-12-04 15:14:08"
1759,46,"libreport-plugin-ureport",NULL,NULL,NULL,1,"2017-12-04 15:14:08","2017-12-04 15:14:08"
1760,46,"libreport-python",NULL,NULL,NULL,1,"2017-12-04 15:14:08","2017-12-04 15:14:08"
1761,46,"libreport-rhel-anaconda-bugzilla",NULL,NULL,NULL,1,"2017-12-04 15:14:08","2017-12-04 15:14:08"
1762,46,"libreport-web",NULL,NULL,NULL,1,"2017-12-04 15:14:08","2017-12-04 15:14:08"
1763,46,"libreswan",NULL,NULL,NULL,1,"2017-12-04 15:14:08","2017-12-04 15:14:08"
1764,46,"librevenge",NULL,NULL,NULL,1,"2017-12-04 15:14:08","2017-12-04 15:14:08"
1765,46,"librsvg2",NULL,NULL,NULL,1,"2017-12-04 15:14:08","2017-12-04 15:14:08"
1766,46,"libsamplerate",NULL,NULL,NULL,1,"2017-12-04 15:14:08","2017-12-04 15:14:08"
1767,46,"libsecret",NULL,NULL,NULL,1,"2017-12-04 15:14:08","2017-12-04 15:14:08"
1768,46,"libselinux",NULL,NULL,NULL,1,"2017-12-04 15:14:08","2017-12-04 15:14:08"
1769,46,"libselinux-python",NULL,NULL,NULL,1,"2017-12-04 15:14:08","2017-12-04 15:14:08"
1770,46,"libselinux-utils",NULL,NULL,NULL,1,"2017-12-04 15:14:08","2017-12-04 15:14:08"
1771,46,"libsemanage",NULL,NULL,NULL,1,"2017-12-04 15:14:08","2017-12-04 15:14:08"
1772,46,"libsemanage-python",NULL,NULL,NULL,1,"2017-12-04 15:14:08","2017-12-04 15:14:08"
1773,46,"libsepol",NULL,NULL,NULL,1,"2017-12-04 15:14:08","2017-12-04 15:14:08"
1774,46,"libshout",NULL,NULL,NULL,1,"2017-12-04 15:14:08","2017-12-04 15:14:08"
1775,46,"libsigc++20",NULL,NULL,NULL,1,"2017-12-04 15:14:08","2017-12-04 15:14:08"
1776,46,"libsndfile",NULL,NULL,NULL,1,"2017-12-04 15:14:08","2017-12-04 15:14:08"
1777,46,"libsoup",NULL,NULL,NULL,1,"2017-12-04 15:14:08","2017-12-04 15:14:08"
1778,46,"libspectre",NULL,NULL,NULL,1,"2017-12-04 15:14:08","2017-12-04 15:14:08"
1779,46,"libsrtp",NULL,NULL,NULL,1,"2017-12-04 15:14:08","2017-12-04 15:14:08"
1780,46,"libss",NULL,NULL,NULL,1,"2017-12-04 15:14:08","2017-12-04 15:14:08"
1781,46,"libssh2",NULL,NULL,NULL,1,"2017-12-04 15:14:08","2017-12-04 15:14:08"
1782,46,"libsss_autofs",NULL,NULL,NULL,1,"2017-12-04 15:14:08","2017-12-04 15:14:08"
1783,46,"libsss_idmap",NULL,NULL,NULL,1,"2017-12-04 15:14:08","2017-12-04 15:14:08"
1784,46,"libsss_nss_idmap",NULL,NULL,NULL,1,"2017-12-04 15:14:08","2017-12-04 15:14:08"
1785,46,"libsss_sudo",NULL,NULL,NULL,1,"2017-12-04 15:14:08","2017-12-04 15:14:08"
1786,46,"libstdc++",NULL,NULL,NULL,1,"2017-12-04 15:14:08","2017-12-04 15:14:08"
1787,46,"libstoragemgmt",NULL,NULL,NULL,1,"2017-12-04 15:14:08","2017-12-04 15:14:08"
1788,46,"libstoragemgmt-python",NULL,NULL,NULL,1,"2017-12-04 15:14:08","2017-12-04 15:14:08"
1789,46,"libstoragemgmt-python-clibs",NULL,NULL,NULL,1,"2017-12-04 15:14:08","2017-12-04 15:14:08"
1790,46,"libsysfs",NULL,NULL,NULL,1,"2017-12-04 15:14:08","2017-12-04 15:14:08"
1791,46,"libtalloc",NULL,NULL,NULL,1,"2017-12-04 15:14:08","2017-12-04 15:14:08"
1792,46,"libtar",NULL,NULL,NULL,1,"2017-12-04 15:14:08","2017-12-04 15:14:08"
1793,46,"libtasn1",NULL,NULL,NULL,1,"2017-12-04 15:14:08","2017-12-04 15:14:08"
1794,46,"libtdb",NULL,NULL,NULL,1,"2017-12-04 15:14:09","2017-12-04 15:14:09"
1795,46,"libteam",NULL,NULL,NULL,1,"2017-12-04 15:14:09","2017-12-04 15:14:09"
1796,46,"libtevent",NULL,NULL,NULL,1,"2017-12-04 15:14:09","2017-12-04 15:14:09"
1797,46,"libthai",NULL,NULL,NULL,1,"2017-12-04 15:14:09","2017-12-04 15:14:09"
1798,46,"libtheora",NULL,NULL,NULL,1,"2017-12-04 15:14:09","2017-12-04 15:14:09"
1799,46,"libtiff",NULL,NULL,NULL,1,"2017-12-04 15:14:09","2017-12-04 15:14:09"
1800,46,"libtimezonemap",NULL,NULL,NULL,1,"2017-12-04 15:14:09","2017-12-04 15:14:09"
1801,46,"libtirpc",NULL,NULL,NULL,1,"2017-12-04 15:14:09","2017-12-04 15:14:09"
1802,46,"libtool-ltdl",NULL,NULL,NULL,1,"2017-12-04 15:14:09","2017-12-04 15:14:09"
1803,46,"libudisks2",NULL,NULL,NULL,1,"2017-12-04 15:14:09","2017-12-04 15:14:09"
1804,46,"libunistring",NULL,NULL,NULL,1,"2017-12-04 15:14:09","2017-12-04 15:14:09"
1805,46,"libusal",NULL,NULL,NULL,1,"2017-12-04 15:14:09","2017-12-04 15:14:09"
1806,46,"libusb",NULL,NULL,NULL,1,"2017-12-04 15:14:09","2017-12-04 15:14:09"
1807,46,"libusbx",NULL,NULL,NULL,1,"2017-12-04 15:14:09","2017-12-04 15:14:09"
1808,46,"libuser",NULL,NULL,NULL,1,"2017-12-04 15:14:09","2017-12-04 15:14:09"
1809,46,"libuser-python",NULL,NULL,NULL,1,"2017-12-04 15:14:09","2017-12-04 15:14:09"
1810,46,"libutempter",NULL,NULL,NULL,1,"2017-12-04 15:14:09","2017-12-04 15:14:09"
1811,46,"libuuid",NULL,NULL,NULL,1,"2017-12-04 15:14:09","2017-12-04 15:14:09"
1812,46,"libv4l",NULL,NULL,NULL,1,"2017-12-04 15:14:09","2017-12-04 15:14:09"
1813,46,"libverto",NULL,NULL,NULL,1,"2017-12-04 15:14:09","2017-12-04 15:14:09"
1814,46,"libverto-tevent",NULL,NULL,NULL,1,"2017-12-04 15:14:09","2017-12-04 15:14:09"
1815,46,"libvisio",NULL,NULL,NULL,1,"2017-12-04 15:14:09","2017-12-04 15:14:09"
1816,46,"libvisual",NULL,NULL,NULL,1,"2017-12-04 15:14:09","2017-12-04 15:14:09"
1817,46,"libvorbis",NULL,NULL,NULL,1,"2017-12-04 15:14:09","2017-12-04 15:14:09"
1818,46,"libvpx",NULL,NULL,NULL,1,"2017-12-04 15:14:09","2017-12-04 15:14:09"
1819,46,"libwacom",NULL,NULL,NULL,1,"2017-12-04 15:14:09","2017-12-04 15:14:09"
1820,46,"libwacom-data",NULL,NULL,NULL,1,"2017-12-04 15:14:09","2017-12-04 15:14:09"
1821,46,"libwbclient",NULL,NULL,NULL,1,"2017-12-04 15:14:09","2017-12-04 15:14:09"
1822,46,"libwebp",NULL,NULL,NULL,1,"2017-12-04 15:14:09","2017-12-04 15:14:09"
1823,46,"libwnck3",NULL,NULL,NULL,1,"2017-12-04 15:14:09","2017-12-04 15:14:09"
1824,46,"libwpd",NULL,NULL,NULL,1,"2017-12-04 15:14:09","2017-12-04 15:14:09"
1825,46,"libwpg",NULL,NULL,NULL,1,"2017-12-04 15:14:09","2017-12-04 15:14:09"
1826,46,"libwps",NULL,NULL,NULL,1,"2017-12-04 15:14:09","2017-12-04 15:14:09"
1827,46,"libwvstreams",NULL,NULL,NULL,1,"2017-12-04 15:14:09","2017-12-04 15:14:09"
1828,46,"libxcb",NULL,NULL,NULL,1,"2017-12-04 15:14:09","2017-12-04 15:14:09"
1829,46,"libxkbfile",NULL,NULL,NULL,1,"2017-12-04 15:14:09","2017-12-04 15:14:09"
1830,46,"libxklavier",NULL,NULL,NULL,1,"2017-12-04 15:14:09","2017-12-04 15:14:09"
1831,46,"libxml2-python",NULL,NULL,NULL,1,"2017-12-04 15:14:09","2017-12-04 15:14:09"
1832,46,"libxshmfence",NULL,NULL,NULL,1,"2017-12-04 15:14:09","2017-12-04 15:14:09"
1833,46,"libxslt",NULL,NULL,NULL,1,"2017-12-04 15:14:09","2017-12-04 15:14:09"
1834,46,"libzapojit",NULL,NULL,NULL,1,"2017-12-04 15:14:09","2017-12-04 15:14:09"
1835,46,"lklug-fonts",NULL,NULL,NULL,1,"2017-12-04 15:14:09","2017-12-04 15:14:09"
1836,46,"lksctp-tools",NULL,NULL,NULL,1,"2017-12-04 15:14:09","2017-12-04 15:14:09"
1837,46,"lldpad",NULL,NULL,NULL,1,"2017-12-04 15:14:09","2017-12-04 15:14:09"
1838,46,"lm_sensors-libs",NULL,NULL,NULL,1,"2017-12-04 15:14:10","2017-12-04 15:14:10"
1839,46,"lockdev",NULL,NULL,NULL,1,"2017-12-04 15:14:10","2017-12-04 15:14:10"
1840,46,"lohit-assamese-fonts",NULL,NULL,NULL,1,"2017-12-04 15:14:10","2017-12-04 15:14:10"
1841,46,"lohit-bengali-fonts",NULL,NULL,NULL,1,"2017-12-04 15:14:10","2017-12-04 15:14:10"
1842,46,"lohit-devanagari-fonts",NULL,NULL,NULL,1,"2017-12-04 15:14:10","2017-12-04 15:14:10"
1843,46,"lohit-gujarati-fonts",NULL,NULL,NULL,1,"2017-12-04 15:14:10","2017-12-04 15:14:10"
1844,46,"lohit-kannada-fonts",NULL,NULL,NULL,1,"2017-12-04 15:14:10","2017-12-04 15:14:10"
1845,46,"lohit-malayalam-fonts",NULL,NULL,NULL,1,"2017-12-04 15:14:10","2017-12-04 15:14:10"
1846,46,"lohit-marathi-fonts",NULL,NULL,NULL,1,"2017-12-04 15:14:10","2017-12-04 15:14:10"
1847,46,"lohit-nepali-fonts",NULL,NULL,NULL,1,"2017-12-04 15:14:10","2017-12-04 15:14:10"
1848,46,"lohit-oriya-fonts",NULL,NULL,NULL,1,"2017-12-04 15:14:10","2017-12-04 15:14:10"
1849,46,"lohit-punjabi-fonts",NULL,NULL,NULL,1,"2017-12-04 15:14:10","2017-12-04 15:14:10"
1850,46,"lohit-tamil-fonts",NULL,NULL,NULL,1,"2017-12-04 15:14:10","2017-12-04 15:14:10"
1851,46,"lohit-telugu-fonts",NULL,NULL,NULL,1,"2017-12-04 15:14:10","2017-12-04 15:14:10"
1852,46,"lpsolve",NULL,NULL,NULL,1,"2017-12-04 15:14:10","2017-12-04 15:14:10"
1853,46,"lrzsz",NULL,NULL,NULL,1,"2017-12-04 15:14:10","2017-12-04 15:14:10"
1854,46,"lsscsi",NULL,NULL,NULL,1,"2017-12-04 15:14:10","2017-12-04 15:14:10"
1855,46,"lua",NULL,NULL,NULL,1,"2017-12-04 15:14:10","2017-12-04 15:14:10"
1856,46,"lvm2",NULL,NULL,NULL,1,"2017-12-04 15:14:10","2017-12-04 15:14:10"
1857,46,"lvm2-libs",NULL,NULL,NULL,1,"2017-12-04 15:14:10","2017-12-04 15:14:10"
1858,46,"lzo",NULL,NULL,NULL,1,"2017-12-04 15:14:10","2017-12-04 15:14:10"
1859,46,"lzop",NULL,NULL,NULL,1,"2017-12-04 15:14:10","2017-12-04 15:14:10"
1860,46,"m17n-contrib",NULL,NULL,NULL,1,"2017-12-04 15:14:10","2017-12-04 15:14:10"
1861,46,"m17n-db",NULL,NULL,NULL,1,"2017-12-04 15:14:10","2017-12-04 15:14:10"
1862,46,"m17n-lib",NULL,NULL,NULL,1,"2017-12-04 15:14:10","2017-12-04 15:14:10"
1863,46,"madan-fonts",NULL,NULL,NULL,1,"2017-12-04 15:14:10","2017-12-04 15:14:10"
1864,46,"mailx",NULL,NULL,NULL,1,"2017-12-04 15:14:10","2017-12-04 15:14:10"
1865,46,"man-pages",NULL,NULL,NULL,1,"2017-12-04 15:14:10","2017-12-04 15:14:10"
1866,46,"man-pages-overrides",NULL,NULL,NULL,1,"2017-12-04 15:14:10","2017-12-04 15:14:10"
1867,46,"mariadb-libs",NULL,NULL,NULL,1,"2017-12-04 15:14:10","2017-12-04 15:14:10"
1868,46,"marisa",NULL,NULL,NULL,1,"2017-12-04 15:14:10","2017-12-04 15:14:10"
1869,46,"mdadm",NULL,NULL,NULL,1,"2017-12-04 15:14:10","2017-12-04 15:14:10"
1870,46,"meanwhile",NULL,NULL,NULL,1,"2017-12-04 15:14:10","2017-12-04 15:14:10"
1871,46,"mesa-dri-drivers",NULL,NULL,NULL,1,"2017-12-04 15:14:10","2017-12-04 15:14:10"
1872,46,"mesa-filesystem",NULL,NULL,NULL,1,"2017-12-04 15:14:10","2017-12-04 15:14:10"
1873,46,"mesa-libEGL",NULL,NULL,NULL,1,"2017-12-04 15:14:10","2017-12-04 15:14:10"
1874,46,"mesa-libGL",NULL,NULL,NULL,1,"2017-12-04 15:14:10","2017-12-04 15:14:10"
1875,46,"mesa-libGLU",NULL,NULL,NULL,1,"2017-12-04 15:14:10","2017-12-04 15:14:10"
1876,46,"mesa-libgbm",NULL,NULL,NULL,1,"2017-12-04 15:14:10","2017-12-04 15:14:10"
1877,46,"mesa-libglapi",NULL,NULL,NULL,1,"2017-12-04 15:14:10","2017-12-04 15:14:10"
1878,46,"mesa-libxatracker",NULL,NULL,NULL,1,"2017-12-04 15:14:10","2017-12-04 15:14:10"
1879,46,"mesa-private-llvm",NULL,NULL,NULL,1,"2017-12-04 15:14:10","2017-12-04 15:14:10"
1880,46,"metacity",NULL,NULL,NULL,1,"2017-12-04 15:14:10","2017-12-04 15:14:10"
1881,46,"microcode_ctl",NULL,NULL,NULL,1,"2017-12-04 15:14:10","2017-12-04 15:14:10"
1882,46,"mokutil",NULL,NULL,NULL,1,"2017-12-04 15:14:11","2017-12-04 15:14:11"
1883,46,"mozilla-filesystem",NULL,NULL,NULL,1,"2017-12-04 15:14:11","2017-12-04 15:14:11"
1884,46,"mozjs17",NULL,NULL,NULL,1,"2017-12-04 15:14:11","2017-12-04 15:14:11"
1885,46,"mozjs24",NULL,NULL,NULL,1,"2017-12-04 15:14:11","2017-12-04 15:14:11"
1886,46,"mpfr",NULL,NULL,NULL,1,"2017-12-04 15:14:11","2017-12-04 15:14:11"
1887,46,"mtdev",NULL,NULL,NULL,1,"2017-12-04 15:14:11","2017-12-04 15:14:11"
1888,46,"mtr",NULL,NULL,NULL,1,"2017-12-04 15:14:11","2017-12-04 15:14:11"
1889,46,"mutter",NULL,NULL,NULL,1,"2017-12-04 15:14:11","2017-12-04 15:14:11"
1890,46,"mythes",NULL,NULL,NULL,1,"2017-12-04 15:14:11","2017-12-04 15:14:11"
1891,46,"nautilus",NULL,NULL,NULL,1,"2017-12-04 15:14:11","2017-12-04 15:14:11"
1892,46,"nautilus-extensions",NULL,NULL,NULL,1,"2017-12-04 15:14:11","2017-12-04 15:14:11"
1893,46,"ncompress",NULL,NULL,NULL,1,"2017-12-04 15:14:11","2017-12-04 15:14:11"
1894,46,"ncurses",NULL,NULL,NULL,1,"2017-12-04 15:14:11","2017-12-04 15:14:11"
1895,46,"ncurses-libs",NULL,NULL,NULL,1,"2017-12-04 15:14:11","2017-12-04 15:14:11"
1896,46,"neon",NULL,NULL,NULL,1,"2017-12-04 15:14:11","2017-12-04 15:14:11"
1897,46,"net-snmp-libs",NULL,NULL,NULL,1,"2017-12-04 15:14:11","2017-12-04 15:14:11"
1898,46,"nettle",NULL,NULL,NULL,1,"2017-12-04 15:14:11","2017-12-04 15:14:11"
1899,46,"newt",NULL,NULL,NULL,1,"2017-12-04 15:14:11","2017-12-04 15:14:11"
1900,46,"newt-python",NULL,NULL,NULL,1,"2017-12-04 15:14:11","2017-12-04 15:14:11"
1901,46,"nfs-utils",NULL,NULL,NULL,1,"2017-12-04 15:14:11","2017-12-04 15:14:11"
1902,46,"nfs4-acl-tools",NULL,NULL,NULL,1,"2017-12-04 15:14:11","2017-12-04 15:14:11"
1903,46,"nhn-nanum-fonts-common",NULL,NULL,NULL,1,"2017-12-04 15:14:11","2017-12-04 15:14:11"
1904,46,"nhn-nanum-gothic-fonts",NULL,NULL,NULL,1,"2017-12-04 15:14:11","2017-12-04 15:14:11"
1905,46,"nm-connection-editor",NULL,NULL,NULL,1,"2017-12-04 15:14:11","2017-12-04 15:14:11"
1906,46,"nspr",NULL,NULL,NULL,1,"2017-12-04 15:14:11","2017-12-04 15:14:11"
1907,46,"nss",NULL,NULL,NULL,1,"2017-12-04 15:14:11","2017-12-04 15:14:11"
1908,46,"nss-softokn",NULL,NULL,NULL,1,"2017-12-04 15:14:11","2017-12-04 15:14:11"
1909,46,"nss-softokn-freebl",NULL,NULL,NULL,1,"2017-12-04 15:14:11","2017-12-04 15:14:11"
1910,46,"nss-sysinit",NULL,NULL,NULL,1,"2017-12-04 15:14:11","2017-12-04 15:14:11"
1911,46,"nss-tools",NULL,NULL,NULL,1,"2017-12-04 15:14:11","2017-12-04 15:14:11"
1912,46,"nss-util",NULL,NULL,NULL,1,"2017-12-04 15:14:11","2017-12-04 15:14:11"
1913,46,"ntp",NULL,NULL,NULL,1,"2017-12-04 15:14:11","2017-12-04 15:14:11"
1914,46,"ntsysv",NULL,NULL,NULL,1,"2017-12-04 15:14:11","2017-12-04 15:14:11"
1915,46,"numactl-libs",NULL,NULL,NULL,1,"2017-12-04 15:14:11","2017-12-04 15:14:11"
1916,46,"oddjob",NULL,NULL,NULL,1,"2017-12-04 15:14:11","2017-12-04 15:14:11"
1917,46,"oddjob-mkhomedir",NULL,NULL,NULL,1,"2017-12-04 15:14:11","2017-12-04 15:14:11"
1918,46,"opal",NULL,NULL,NULL,1,"2017-12-04 15:14:11","2017-12-04 15:14:11"
1919,46,"open-sans-fonts",NULL,NULL,NULL,1,"2017-12-04 15:14:11","2017-12-04 15:14:11"
1920,46,"open-vm-tools",NULL,NULL,NULL,1,"2017-12-04 15:14:11","2017-12-04 15:14:11"
1921,46,"open-vm-tools-desktop",NULL,NULL,NULL,1,"2017-12-04 15:14:11","2017-12-04 15:14:11"
1922,46,"opencc",NULL,NULL,NULL,1,"2017-12-04 15:14:11","2017-12-04 15:14:11"
1923,46,"openchange",NULL,NULL,NULL,1,"2017-12-04 15:14:11","2017-12-04 15:14:11"
1924,46,"openjpeg-libs",NULL,NULL,NULL,1,"2017-12-04 15:14:11","2017-12-04 15:14:11"
1925,46,"openldap",NULL,NULL,NULL,1,"2017-12-04 15:14:11","2017-12-04 15:14:11"
1926,46,"openssh",NULL,NULL,NULL,1,"2017-12-04 15:14:11","2017-12-04 15:14:12"
1927,46,"openssh-clients",NULL,NULL,NULL,1,"2017-12-04 15:14:12","2017-12-04 15:14:12"
1928,46,"openssl",NULL,NULL,NULL,1,"2017-12-04 15:14:12","2017-12-04 15:14:12"
1929,46,"openssl-libs",NULL,NULL,NULL,1,"2017-12-04 15:14:12","2017-12-04 15:14:12"
1930,46,"opus",NULL,NULL,NULL,1,"2017-12-04 15:14:12","2017-12-04 15:14:12"
1931,46,"orc",NULL,NULL,NULL,1,"2017-12-04 15:14:12","2017-12-04 15:14:12"
1932,46,"orca",NULL,NULL,NULL,1,"2017-12-04 15:14:12","2017-12-04 15:14:12"
1933,46,"overpass-fonts",NULL,NULL,NULL,1,"2017-12-04 15:14:12","2017-12-04 15:14:12"
1934,46,"p11-kit",NULL,NULL,NULL,1,"2017-12-04 15:14:12","2017-12-04 15:14:12"
1935,46,"p11-kit-trust",NULL,NULL,NULL,1,"2017-12-04 15:14:12","2017-12-04 15:14:12"
1936,46,"pakchois",NULL,NULL,NULL,1,"2017-12-04 15:14:12","2017-12-04 15:14:12"
1937,46,"paktype-naskh-basic-fonts",NULL,NULL,NULL,1,"2017-12-04 15:14:12","2017-12-04 15:14:12"
1938,46,"pam",NULL,NULL,NULL,1,"2017-12-04 15:14:12","2017-12-04 15:14:12"
1939,46,"pam_krb5",NULL,NULL,NULL,1,"2017-12-04 15:14:12","2017-12-04 15:14:12"
1940,46,"pango",NULL,NULL,NULL,1,"2017-12-04 15:14:12","2017-12-04 15:14:12"
1941,46,"pangomm",NULL,NULL,NULL,1,"2017-12-04 15:14:12","2017-12-04 15:14:12"
1942,46,"paps",NULL,NULL,NULL,1,"2017-12-04 15:14:12","2017-12-04 15:14:12"
1943,46,"paps-libs",NULL,NULL,NULL,1,"2017-12-04 15:14:12","2017-12-04 15:14:12"
1944,46,"paratype-pt-sans-fonts",NULL,NULL,NULL,1,"2017-12-04 15:14:12","2017-12-04 15:14:12"
1945,46,"parted",NULL,NULL,NULL,1,"2017-12-04 15:14:12","2017-12-04 15:14:12"
1946,46,"passwd",NULL,NULL,NULL,1,"2017-12-04 15:14:12","2017-12-04 15:14:12"
1947,46,"patch",NULL,NULL,NULL,1,"2017-12-04 15:14:12","2017-12-04 15:14:12"
1948,46,"pciutils-libs",NULL,NULL,NULL,1,"2017-12-04 15:14:12","2017-12-04 15:14:12"
1949,46,"pcre",NULL,NULL,NULL,1,"2017-12-04 15:14:12","2017-12-04 15:14:12"
1950,46,"pcsc-lite-libs",NULL,NULL,NULL,1,"2017-12-04 15:14:12","2017-12-04 15:14:12"
1951,46,"perl",NULL,NULL,NULL,1,"2017-12-04 15:14:12","2017-12-04 15:14:12"
1952,46,"perl-Carp",NULL,NULL,NULL,1,"2017-12-04 15:14:12","2017-12-04 15:14:12"
1953,46,"perl-Encode",NULL,NULL,NULL,1,"2017-12-04 15:14:12","2017-12-04 15:14:12"
1954,46,"perl-Exporter",NULL,NULL,NULL,1,"2017-12-04 15:14:12","2017-12-04 15:14:12"
1955,46,"perl-File-Path",NULL,NULL,NULL,1,"2017-12-04 15:14:12","2017-12-04 15:14:12"
1956,46,"perl-File-Temp",NULL,NULL,NULL,1,"2017-12-04 15:14:12","2017-12-04 15:14:12"
1957,46,"perl-Filter",NULL,NULL,NULL,1,"2017-12-04 15:14:12","2017-12-04 15:14:12"
1958,46,"perl-Getopt-Long",NULL,NULL,NULL,1,"2017-12-04 15:14:12","2017-12-04 15:14:12"
1959,46,"perl-HTTP-Tiny",NULL,NULL,NULL,1,"2017-12-04 15:14:12","2017-12-04 15:14:12"
1960,46,"perl-PathTools",NULL,NULL,NULL,1,"2017-12-04 15:14:12","2017-12-04 15:14:12"
1961,46,"perl-Pod-Escapes",NULL,NULL,NULL,1,"2017-12-04 15:14:12","2017-12-04 15:14:12"
1962,46,"perl-Pod-Perldoc",NULL,NULL,NULL,1,"2017-12-04 15:14:12","2017-12-04 15:14:12"
1963,46,"perl-Pod-Simple",NULL,NULL,NULL,1,"2017-12-04 15:14:12","2017-12-04 15:14:12"
1964,46,"perl-Pod-Usage",NULL,NULL,NULL,1,"2017-12-04 15:14:12","2017-12-04 15:14:12"
1965,46,"perl-Scalar-List-Utils",NULL,NULL,NULL,1,"2017-12-04 15:14:12","2017-12-04 15:14:12"
1966,46,"perl-Socket",NULL,NULL,NULL,1,"2017-12-04 15:14:12","2017-12-04 15:14:12"
1967,46,"perl-Storable",NULL,NULL,NULL,1,"2017-12-04 15:14:12","2017-12-04 15:14:12"
1968,46,"perl-Text-ParseWords",NULL,NULL,NULL,1,"2017-12-04 15:14:12","2017-12-04 15:14:12"
1969,46,"perl-Time-HiRes",NULL,NULL,NULL,1,"2017-12-04 15:14:12","2017-12-04 15:14:12"
1970,46,"perl-Time-Local",NULL,NULL,NULL,1,"2017-12-04 15:14:12","2017-12-04 15:14:12"
1971,46,"perl-constant",NULL,NULL,NULL,1,"2017-12-04 15:14:12","2017-12-04 15:14:12"
1972,46,"perl-libs",NULL,NULL,NULL,1,"2017-12-04 15:14:13","2017-12-04 15:14:13"
1973,46,"perl-macros",NULL,NULL,NULL,1,"2017-12-04 15:14:13","2017-12-04 15:14:13"
1974,46,"perl-parent",NULL,NULL,NULL,1,"2017-12-04 15:14:13","2017-12-04 15:14:13"
1975,46,"perl-podlators",NULL,NULL,NULL,1,"2017-12-04 15:14:13","2017-12-04 15:14:13"
1976,46,"perl-threads",NULL,NULL,NULL,1,"2017-12-04 15:14:13","2017-12-04 15:14:13"
1977,46,"perl-threads-shared",NULL,NULL,NULL,1,"2017-12-04 15:14:13","2017-12-04 15:14:13"
1978,46,"pinentry",NULL,NULL,NULL,1,"2017-12-04 15:14:13","2017-12-04 15:14:13"
1979,46,"pinentry-gtk",NULL,NULL,NULL,1,"2017-12-04 15:14:13","2017-12-04 15:14:13"
1980,46,"pinfo",NULL,NULL,NULL,1,"2017-12-04 15:14:13","2017-12-04 15:14:13"
1981,46,"pixman",NULL,NULL,NULL,1,"2017-12-04 15:14:13","2017-12-04 15:14:13"
1982,46,"pkgconfig",NULL,NULL,NULL,1,"2017-12-04 15:14:13","2017-12-04 15:14:13"
1983,46,"plymouth-core-libs",NULL,NULL,NULL,1,"2017-12-04 15:14:13","2017-12-04 15:14:13"
1984,46,"plymouth-graphics-libs",NULL,NULL,NULL,1,"2017-12-04 15:14:13","2017-12-04 15:14:13"
1985,46,"plymouth-plugin-label",NULL,NULL,NULL,1,"2017-12-04 15:14:13","2017-12-04 15:14:13"
1986,46,"plymouth-plugin-two-step",NULL,NULL,NULL,1,"2017-12-04 15:14:13","2017-12-04 15:14:13"
1987,46,"plymouth-scripts",NULL,NULL,NULL,1,"2017-12-04 15:14:13","2017-12-04 15:14:13"
1988,46,"plymouth-system-theme",NULL,NULL,NULL,1,"2017-12-04 15:14:13","2017-12-04 15:14:13"
1989,46,"plymouth-theme-charge",NULL,NULL,NULL,1,"2017-12-04 15:14:13","2017-12-04 15:14:13"
1990,46,"pnm2ppa",NULL,NULL,NULL,1,"2017-12-04 15:14:13","2017-12-04 15:14:13"
1991,46,"policycoreutils",NULL,NULL,NULL,1,"2017-12-04 15:14:13","2017-12-04 15:14:13"
1992,46,"policycoreutils-python",NULL,NULL,NULL,1,"2017-12-04 15:14:13","2017-12-04 15:14:13"
1993,46,"polkit",NULL,NULL,NULL,1,"2017-12-04 15:14:13","2017-12-04 15:14:13"
1994,46,"polkit-pkla-compat",NULL,NULL,NULL,1,"2017-12-04 15:14:13","2017-12-04 15:14:13"
1995,46,"poppler",NULL,NULL,NULL,1,"2017-12-04 15:14:13","2017-12-04 15:14:13"
1996,46,"poppler-data",NULL,NULL,NULL,1,"2017-12-04 15:14:13","2017-12-04 15:14:13"
1997,46,"poppler-glib",NULL,NULL,NULL,1,"2017-12-04 15:14:13","2017-12-04 15:14:13"
1998,46,"popt",NULL,NULL,NULL,1,"2017-12-04 15:14:13","2017-12-04 15:14:13"
1999,46,"postfix",NULL,NULL,NULL,1,"2017-12-04 15:14:13","2017-12-04 15:14:13"
2000,46,"ppp",NULL,NULL,NULL,1,"2017-12-04 15:14:13","2017-12-04 15:14:13"
2001,46,"procps-ng",NULL,NULL,NULL,1,"2017-12-04 15:14:13","2017-12-04 15:14:13"
2002,46,"psacct",NULL,NULL,NULL,1,"2017-12-04 15:14:13","2017-12-04 15:14:13"
2003,46,"pth",NULL,NULL,NULL,1,"2017-12-04 15:14:13","2017-12-04 15:14:13"
2004,46,"ptlib",NULL,NULL,NULL,1,"2017-12-04 15:14:13","2017-12-04 15:14:13"
2005,46,"pulseaudio-gdm-hooks",NULL,NULL,NULL,1,"2017-12-04 15:14:13","2017-12-04 15:14:13"
2006,46,"pulseaudio-libs",NULL,NULL,NULL,1,"2017-12-04 15:14:13","2017-12-04 15:14:13"
2007,46,"pulseaudio-libs-glib2",NULL,NULL,NULL,1,"2017-12-04 15:14:13","2017-12-04 15:14:13"
